﻿ProductName,OrderYear,OrderMonth,TotalOrderQuantity,TotalInventory,TotalSales,AvgInventoryPracticeScore,OverstockFlag
Adult dog supplies,2016,2,2,6,168,0.5,1
Adult dog supplies,2016,3,2,4,168,0,1
Adult dog supplies,2017,11,20,380,1680,0,1
Adult dog supplies,2017,12,51,102,4284,0,1
Baby sweater,2015,8,3,12,177,1,1
Baby sweater,2015,9,1,1,59,1,0
Baby sweater,2017,9,1,1,59,1,0
Baby sweater,2017,10,22,594,1298,1,1
Baby sweater,2017,11,10,100,590,0.5,1
Bag Boy Beverage Holder,2015,1,13,68,325,0,1
Bag Boy Beverage Holder,2015,2,6,0,150,0,0
Bag Boy Beverage Holder,2015,3,17,130,425,0,1
Bag Boy Beverage Holder,2015,4,5,9,125,0,1
Bag Boy Beverage Holder,2015,5,5,2,125,0,0
Bag Boy Beverage Holder,2015,6,1,1,25,1,0
Bag Boy Beverage Holder,2015,8,3,2,75,0,0
Bag Boy Beverage Holder,2015,9,4,12,100,0,1
Bag Boy Beverage Holder,2015,10,8,2,200,0,0
Bag Boy Beverage Holder,2015,11,4,3,100,0,0
Bag Boy Beverage Holder,2015,12,9,30,225,0,1
Bag Boy Beverage Holder,2016,1,5,6,125,0,0
Bag Boy Beverage Holder,2016,2,9,32,225,0,1
Bag Boy Beverage Holder,2016,3,4,5,100,0,0
Bag Boy Beverage Holder,2016,4,5,8,125,0,1
Bag Boy Beverage Holder,2016,5,10,10,250,0,0
Bag Boy Beverage Holder,2016,6,11,18,275,0,1
Bag Boy Beverage Holder,2016,7,6,24,150,0,1
Bag Boy Beverage Holder,2016,9,4,24,100,0,1
Bag Boy Beverage Holder,2016,10,6,4,150,0,0
Bag Boy Beverage Holder,2016,12,2,0,50,0,0
Bag Boy Beverage Holder,2017,2,4,0,100,0,0
Bag Boy Beverage Holder,2017,3,6,22,150,0,1
Bag Boy Beverage Holder,2017,6,1,0,25,0,0
Bag Boy Beverage Holder,2017,9,1,1,25,0,0
Bag Boy Beverage Holder,2017,10,1,0,25,0,0
Bag Boy M330 Push Cart,2015,2,3,2,240,1,0
Bag Boy M330 Push Cart,2017,3,5,9,400,1,1
Bag Boy M330 Push Cart,2017,4,4,6,320,1,0
Bag Boy M330 Push Cart,2017,5,8,24,640,1,1
Bag Boy M330 Push Cart,2017,6,3,0,240,1,0
Bag Boy M330 Push Cart,2017,8,5,2,400,1,0
Bag Boy M330 Push Cart,2017,9,3,4,240,1,0
Bridgestone e6 Straight Distance NFL Caro,2015,1,12,100,384,0,1
Bridgestone e6 Straight Distance NFL Caro,2015,3,5,10,160,0,1
Bridgestone e6 Straight Distance NFL Caro,2015,4,7,26,224,0,1
Bridgestone e6 Straight Distance NFL Caro,2015,6,3,0,96,0,0
Bridgestone e6 Straight Distance NFL Caro,2015,7,10,40,320,0,1
Bridgestone e6 Straight Distance NFL Caro,2015,9,1,0,32,0,0
Bridgestone e6 Straight Distance NFL Caro,2015,11,9,39,288,0,1
Bridgestone e6 Straight Distance NFL Caro,2015,12,6,6,192,0,0
Bridgestone e6 Straight Distance NFL Caro,2016,4,4,1,128,0,0
Bridgestone e6 Straight Distance NFL Caro,2016,5,5,20,160,0,1
Bridgestone e6 Straight Distance NFL Caro,2016,6,12,66,384,0,1
Bridgestone e6 Straight Distance NFL Caro,2016,7,4,4,128,0,0
Bridgestone e6 Straight Distance NFL Caro,2016,8,7,2,224,0,0
Bridgestone e6 Straight Distance NFL Caro,2016,9,15,4,480,0,0
Bridgestone e6 Straight Distance NFL Caro,2016,10,9,39,288,0,1
Bridgestone e6 Straight Distance NFL Caro,2016,11,5,16,160,0,1
Bridgestone e6 Straight Distance NFL Caro,2016,12,2,4,64,0,1
Bridgestone e6 Straight Distance NFL Caro,2017,1,5,1,160,0,0
Bridgestone e6 Straight Distance NFL Caro,2017,2,4,8,128,0,1
Bridgestone e6 Straight Distance NFL Caro,2017,3,6,15,192,0,1
Bridgestone e6 Straight Distance NFL Caro,2017,4,2,4,64,0,1
Bridgestone e6 Straight Distance NFL San,2015,1,5,4,160,0,0
Bridgestone e6 Straight Distance NFL San,2015,2,3,0,96,0,0
Bridgestone e6 Straight Distance NFL San,2015,3,9,51,288,0,1
Bridgestone e6 Straight Distance NFL San,2015,4,2,4,64,0,1
Bridgestone e6 Straight Distance NFL San,2015,5,7,6,224,0,0
Bridgestone e6 Straight Distance NFL San,2015,6,6,12,192,0,1
Bridgestone e6 Straight Distance NFL San,2015,7,5,4,160,0,0
Bridgestone e6 Straight Distance NFL San,2015,9,3,5,96,0,1
Bridgestone e6 Straight Distance NFL San,2015,10,5,8,160,0,1
Bridgestone e6 Straight Distance NFL San,2015,11,3,4,96,0,0
Bridgestone e6 Straight Distance NFL San,2015,12,4,1,128,0,0
Bridgestone e6 Straight Distance NFL San,2016,2,3,5,96,0,1
Bridgestone e6 Straight Distance NFL San,2016,3,3,6,96,0,1
Bridgestone e6 Straight Distance NFL San,2016,5,8,12,256,0,0
Bridgestone e6 Straight Distance NFL San,2016,6,7,0,224,0,0
Bridgestone e6 Straight Distance NFL San,2016,7,5,3,160,0,0
Bridgestone e6 Straight Distance NFL San,2016,8,5,10,160,0,1
Bridgestone e6 Straight Distance NFL San,2016,9,4,6,128,0,0
Bridgestone e6 Straight Distance NFL San,2016,10,11,3,352,0,0
Bridgestone e6 Straight Distance NFL San,2016,11,3,6,96,0,1
Bridgestone e6 Straight Distance NFL San,2016,12,10,27,320,0,1
Bridgestone e6 Straight Distance NFL San,2017,1,8,18,256,0,1
Bridgestone e6 Straight Distance NFL San,2017,2,3,3,96,0,0
Bridgestone e6 Straight Distance NFL San,2017,3,4,6,128,0,0
Bridgestone e6 Straight Distance NFL San,2017,4,6,14,192,0,1
Bridgestone e6 Straight Distance NFL Tenn,2015,1,5,10,160,1,1
Bridgestone e6 Straight Distance NFL Tenn,2015,2,2,4,64,1,1
Bridgestone e6 Straight Distance NFL Tenn,2015,3,5,16,160,1,1
Bridgestone e6 Straight Distance NFL Tenn,2015,4,8,20,256,1,1
Bridgestone e6 Straight Distance NFL Tenn,2015,5,2,4,64,1,1
Bridgestone e6 Straight Distance NFL Tenn,2015,8,11,15,352,1,0
Bridgestone e6 Straight Distance NFL Tenn,2015,9,8,39,256,1,1
Bridgestone e6 Straight Distance NFL Tenn,2015,12,9,2,288,1,0
Bridgestone e6 Straight Distance NFL Tenn,2016,1,8,28,256,1,1
Bridgestone e6 Straight Distance NFL Tenn,2016,2,8,0,256,1,0
Bridgestone e6 Straight Distance NFL Tenn,2016,3,2,2,64,1,0
Bridgestone e6 Straight Distance NFL Tenn,2016,6,10,20,320,1,1
Bridgestone e6 Straight Distance NFL Tenn,2016,7,2,1,64,1,0
Bridgestone e6 Straight Distance NFL Tenn,2016,8,4,0,128,1,0
Bridgestone e6 Straight Distance NFL Tenn,2016,9,1,1,32,1,0
Bridgestone e6 Straight Distance NFL Tenn,2016,10,5,2,160,1,0
Bridgestone e6 Straight Distance NFL Tenn,2016,11,5,2,160,1,0
Bridgestone e6 Straight Distance NFL Tenn,2017,1,4,6,128,1,0
Bridgestone e6 Straight Distance NFL Tenn,2017,2,4,2,128,1,0
Bridgestone e6 Straight Distance NFL Tenn,2017,3,2,2,64,1,0
Brooks Women's Ghost 6 Running Shoe,2016,1,2,0,180,0,0
Brooks Women's Ghost 6 Running Shoe,2016,8,5,6,450,0,0
Brooks Women's Ghost 6 Running Shoe,2017,3,1,0,90,0,0
Brooks Women's Ghost 6 Running Shoe,2017,5,3,1,270,0,0
Brooks Women's Ghost 6 Running Shoe,2017,6,6,4,540,0,0
Brooks Women's Ghost 6 Running Shoe,2017,7,9,9,810,0,0
Brooks Women's Ghost 6 Running Shoe,2017,8,9,28,810,0,1
Brooks Women's Ghost 6 Running Shoe,2017,9,4,16,360,0,1
CDs of rock,2015,8,2,4,22,1,1
CDs of rock,2015,9,4,32,44,0.25,1
CDs of rock,2017,6,1,0,11,0,0
CDs of rock,2017,8,1,1,11,0,0
CDs of rock,2017,9,3,3,33,0,0
CDs of rock,2017,10,36,1224,396,0,1
CDs of rock,2017,11,16,48,176,0,1
Children's heaters,2017,9,1,2,357,0,1
Children's heaters,2017,10,5,15,1785,0,1
Children's heaters,2017,11,3,3,1071,0,0
Cleveland Golf Collegiate My Custom Wedge,2015,2,1,1,210,0,0
Cleveland Golf Collegiate My Custom Wedge,2015,8,3,12,630,0,1
Cleveland Golf Collegiate My Custom Wedge,2015,9,1,2,210,0,1
Cleveland Golf Collegiate My Custom Wedge,2017,5,3,12,630,0,1
Cleveland Golf Collegiate My Custom Wedge,2017,6,2,0,420,0,0
Cleveland Golf Collegiate My Custom Wedge,2017,7,1,2,210,0,1
Cleveland Golf Women's 588 RTX CB Satin C,2015,10,1,2,120,0,1
Cleveland Golf Women's 588 RTX CB Satin C,2017,5,1,1,120,0,0
Cleveland Golf Women's 588 RTX CB Satin C,2017,6,1,2,120,0,1
Cleveland Golf Women's 588 RTX CB Satin C,2017,7,1,0,120,0,0
Cleveland Golf Women's 588 RTX CB Satin C,2017,8,1,1,120,0,0
Cleveland Golf Women's 588 RTX CB Satin C,2017,10,1,1,120,0,0
Clicgear 8.0 Shoe Brush,2015,1,5,0,50,0,0
Clicgear 8.0 Shoe Brush,2015,2,4,4,40,0,0
Clicgear 8.0 Shoe Brush,2015,4,14,48,140,0,1
Clicgear 8.0 Shoe Brush,2015,5,11,45,110,0.3333333333,1
Clicgear 8.0 Shoe Brush,2015,6,2,4,20,0,1
Clicgear 8.0 Shoe Brush,2015,7,4,2,40,0,0
Clicgear 8.0 Shoe Brush,2015,8,4,10,40,0.5,1
Clicgear 8.0 Shoe Brush,2015,9,4,3,40,0,0
Clicgear 8.0 Shoe Brush,2015,10,10,38,100,0.5,1
Clicgear 8.0 Shoe Brush,2015,11,1,2,10,0,1
Clicgear 8.0 Shoe Brush,2016,3,5,20,50,0,1
Clicgear 8.0 Shoe Brush,2016,4,3,1,30,0,0
Clicgear 8.0 Shoe Brush,2016,5,12,51,120,0,1
Clicgear 8.0 Shoe Brush,2016,6,3,12,30,0,1
Clicgear 8.0 Shoe Brush,2016,7,7,20,70,0,1
Clicgear 8.0 Shoe Brush,2016,8,11,80,110,0,1
Clicgear 8.0 Shoe Brush,2016,10,5,0,50,0,0
Clicgear 8.0 Shoe Brush,2016,11,8,39,80,0,1
Clicgear 8.0 Shoe Brush,2017,1,2,1,20,0,0
Clicgear 8.0 Shoe Brush,2017,3,5,3,50,0,0
Clicgear 8.0 Shoe Brush,2017,4,4,12,40,0,1
Clicgear 8.0 Shoe Brush,2017,6,3,0,30,0,0
Clicgear 8.0 Shoe Brush,2017,8,4,4,40,0,0
Clicgear Rovic Cooler Bag,2015,1,2,2,80,0,0
Clicgear Rovic Cooler Bag,2015,2,2,4,80,0,1
Clicgear Rovic Cooler Bag,2015,3,3,1,120,0,0
Clicgear Rovic Cooler Bag,2015,4,6,4,240,0,0
Clicgear Rovic Cooler Bag,2015,5,8,10,320,0,0
Clicgear Rovic Cooler Bag,2015,6,6,10,240,0,1
Clicgear Rovic Cooler Bag,2015,7,8,33,320,0,1
Clicgear Rovic Cooler Bag,2015,8,4,7,160,0,1
Clicgear Rovic Cooler Bag,2015,12,3,0,120,0,0
Clicgear Rovic Cooler Bag,2016,1,7,20,280,0,1
Clicgear Rovic Cooler Bag,2016,2,14,4,560,0,0
Clicgear Rovic Cooler Bag,2016,3,2,2,80,0,0
Clicgear Rovic Cooler Bag,2016,4,8,0,320,0,0
Clicgear Rovic Cooler Bag,2016,5,7,28,280,0,1
Clicgear Rovic Cooler Bag,2016,6,13,52,520,0,1
Clicgear Rovic Cooler Bag,2016,7,5,4,200,0,0
Clicgear Rovic Cooler Bag,2016,8,3,0,120,0,0
Clicgear Rovic Cooler Bag,2016,9,6,0,240,0,0
Clicgear Rovic Cooler Bag,2016,10,17,120,680,0,1
Clicgear Rovic Cooler Bag,2016,12,5,0,200,0,0
Clicgear Rovic Cooler Bag,2017,1,8,14,320,0,1
Clicgear Rovic Cooler Bag,2017,2,2,2,80,0,0
Clicgear Rovic Cooler Bag,2017,3,8,28,320,0,1
Clicgear Rovic Cooler Bag,2017,4,7,2,280,0,0
Columbia Men's PFG Anchor Tough T-Shirt,2015,2,7,30,210,1,1
Columbia Men's PFG Anchor Tough T-Shirt,2015,3,4,0,120,1,0
Columbia Men's PFG Anchor Tough T-Shirt,2015,4,6,0,180,1,0
Columbia Men's PFG Anchor Tough T-Shirt,2015,5,6,0,180,1,0
Columbia Men's PFG Anchor Tough T-Shirt,2015,8,1,2,30,1,1
Columbia Men's PFG Anchor Tough T-Shirt,2015,9,6,12,180,1,1
Columbia Men's PFG Anchor Tough T-Shirt,2015,11,5,6,150,1,0
Columbia Men's PFG Anchor Tough T-Shirt,2015,12,7,16,210,1,1
Columbia Men's PFG Anchor Tough T-Shirt,2016,1,8,18,240,1,1
Columbia Men's PFG Anchor Tough T-Shirt,2016,2,8,32,240,1,1
Columbia Men's PFG Anchor Tough T-Shirt,2016,3,7,28,210,1,1
Columbia Men's PFG Anchor Tough T-Shirt,2016,4,3,6,90,1,1
Columbia Men's PFG Anchor Tough T-Shirt,2016,5,4,6,120,1,0
Columbia Men's PFG Anchor Tough T-Shirt,2016,6,3,2,90,1,0
Columbia Men's PFG Anchor Tough T-Shirt,2016,7,1,2,30,1,1
Columbia Men's PFG Anchor Tough T-Shirt,2016,8,7,24,210,1,1
Columbia Men's PFG Anchor Tough T-Shirt,2016,9,1,0,30,1,0
Columbia Men's PFG Anchor Tough T-Shirt,2016,10,15,92,450,1,1
Columbia Men's PFG Anchor Tough T-Shirt,2016,11,7,44,210,1,1
Columbia Men's PFG Anchor Tough T-Shirt,2016,12,9,18,270,1,1
Columbia Men's PFG Anchor Tough T-Shirt,2017,2,5,8,150,1,1
Columbia Men's PFG Anchor Tough T-Shirt,2017,3,17,156,510,1,1
Columbia Men's PFG Anchor Tough T-Shirt,2017,4,7,28,210,1,1
Columbia Men's PFG Anchor Tough T-Shirt,2017,5,1,2,30,1,1
Columbia Men's PFG Anchor Tough T-Shirt,2017,8,1,2,30,1,1
DVDs,2015,10,3,6,492,0,1
DVDs,2015,12,1,2,164,0,1
DVDs,2016,1,3,12,492,0.6666666667,1
DVDs,2016,2,2,6,328,0.5,1
DVDs,2017,6,1,2,164,0,1
DVDs,2017,8,1,0,164,0,0
DVDs,2017,9,2,4,328,0,1
DVDs,2017,10,22,902,3608,0,1
DVDs,2017,11,55,1815,9020,0,1
DVDs,2017,12,32,2048,5248,0,1
Diamondback Boys' Insight 24 Performance,2017,9,1,0,300,0,0
Diamondback Boys' Insight 24 Performance,2017,10,2,8,600,0,1
Diamondback Girls' Clarity 24 Hybrid Bike,2017,9,5,10,1500,0,1
Diamondback Girls' Clarity 24 Hybrid Bike,2017,10,1,0,300,0,0
Diamondback Women's Serene Classic Comfor,2015,1,74,6068,22200,0.1621621622,1
Diamondback Women's Serene Classic Comfor,2015,2,85,8585,25500,0.1176470588,1
Diamondback Women's Serene Classic Comfor,2015,3,71,6887,21300,0.0422535211,1
Diamondback Women's Serene Classic Comfor,2015,4,76,5472,22800,0.0789473684,1
Diamondback Women's Serene Classic Comfor,2015,5,54,3186,16200,0.037037037,1
Diamondback Women's Serene Classic Comfor,2015,6,79,8137,23700,0.9240506329,1
Diamondback Women's Serene Classic Comfor,2015,7,75,9375,22500,0.0266666667,1
Diamondback Women's Serene Classic Comfor,2015,8,74,9768,22200,0.0405405405,1
Diamondback Women's Serene Classic Comfor,2015,9,79,3081,23700,0.0253164557,1
Diamondback Women's Serene Classic Comfor,2015,10,83,8383,24900,0.0361445783,1
Diamondback Women's Serene Classic Comfor,2015,11,66,6666,19800,0.1212121212,1
Diamondback Women's Serene Classic Comfor,2015,12,65,4940,19500,0.9692307692,1
Diamondback Women's Serene Classic Comfor,2016,1,87,5394,26100,0.1149425287,1
Diamondback Women's Serene Classic Comfor,2016,2,66,5940,19800,0.9090909091,1
Diamondback Women's Serene Classic Comfor,2016,3,71,2201,21300,0.0845070423,1
Diamondback Women's Serene Classic Comfor,2016,4,68,2856,20400,0.0147058824,1
Diamondback Women's Serene Classic Comfor,2016,5,83,3237,24900,0.0240963855,1
Diamondback Women's Serene Classic Comfor,2016,6,76,8284,22800,0.0263157895,1
Diamondback Women's Serene Classic Comfor,2016,7,68,8364,20400,0.9558823529,1
Diamondback Women's Serene Classic Comfor,2016,8,72,4032,21600,0.0555555556,1
Diamondback Women's Serene Classic Comfor,2016,9,71,2982,21300,0.1408450704,1
Diamondback Women's Serene Classic Comfor,2016,10,90,180,27000,0.0777777778,1
Diamondback Women's Serene Classic Comfor,2016,11,84,12516,25200,0.9166666667,1
Diamondback Women's Serene Classic Comfor,2016,12,71,6177,21300,0.0281690141,1
Diamondback Women's Serene Classic Comfor,2017,1,66,990,19800,0.0909090909,1
Diamondback Women's Serene Classic Comfor,2017,2,81,6561,24300,0.9259259259,1
Diamondback Women's Serene Classic Comfor,2017,3,62,682,18600,0.0322580645,1
Diamondback Women's Serene Classic Comfor,2017,4,71,6461,21300,0.0563380282,1
Diamondback Women's Serene Classic Comfor,2017,5,70,6790,21000,0.8857142857,1
Diamondback Women's Serene Classic Comfor,2017,6,73,8249,21900,0,1
Diamondback Women's Serene Classic Comfor,2017,7,71,6390,21300,0,1
Diamondback Women's Serene Classic Comfor,2017,8,69,414,20700,0,1
Diamondback Women's Serene Classic Comfor,2017,9,75,2550,22500,0,1
Diamondback Women's Serene Classic Comfor,2017,10,1,0,300,0,0
ENO Atlas Hammock Straps,2015,1,14,80,420,0,1
ENO Atlas Hammock Straps,2015,2,3,5,90,0,1
ENO Atlas Hammock Straps,2015,3,2,2,60,0,0
ENO Atlas Hammock Straps,2015,4,1,2,30,0,1
ENO Atlas Hammock Straps,2015,5,5,20,150,0,1
ENO Atlas Hammock Straps,2015,6,4,6,120,0,0
ENO Atlas Hammock Straps,2015,7,9,10,270,0,0
ENO Atlas Hammock Straps,2015,8,13,60,390,0.3333333333,1
ENO Atlas Hammock Straps,2015,9,9,51,270,0,1
ENO Atlas Hammock Straps,2015,11,7,18,210,0,1
ENO Atlas Hammock Straps,2016,1,5,3,150,0,0
ENO Atlas Hammock Straps,2016,3,4,21,120,0,1
ENO Atlas Hammock Straps,2016,4,4,5,120,0,0
ENO Atlas Hammock Straps,2016,5,2,2,60,0,0
ENO Atlas Hammock Straps,2016,6,9,39,270,0,1
ENO Atlas Hammock Straps,2016,7,5,2,150,0,0
ENO Atlas Hammock Straps,2016,8,4,1,120,0,0
ENO Atlas Hammock Straps,2016,9,5,0,150,0,0
ENO Atlas Hammock Straps,2016,10,5,6,150,0,0
ENO Atlas Hammock Straps,2016,11,6,10,180,0,1
ENO Atlas Hammock Straps,2016,12,5,10,150,0,1
ENO Atlas Hammock Straps,2017,1,8,36,240,0,1
ENO Atlas Hammock Straps,2017,2,7,0,210,0,0
ENO Atlas Hammock Straps,2017,3,7,9,210,0,0
ENO Atlas Hammock Straps,2017,4,4,3,120,0,0
Elevation Training Mask 2.0,2015,9,3,0,240,1,0
Elevation Training Mask 2.0,2016,8,4,6,320,1,0
Elevation Training Mask 2.0,2017,5,19,126,1520,1,1
Elevation Training Mask 2.0,2017,6,5,9,400,1,1
Elevation Training Mask 2.0,2017,8,3,2,240,1,0
Elevation Training Mask 2.0,2017,9,4,3,320,1,0
Field & Stream Sportsman 16 Gun Fire Safe,2015,1,94,13254,37600,0.0425531915,1
Field & Stream Sportsman 16 Gun Fire Safe,2015,2,87,609,34800,0.0229885057,1
Field & Stream Sportsman 16 Gun Fire Safe,2015,3,85,13005,34000,0.0705882353,1
Field & Stream Sportsman 16 Gun Fire Safe,2015,4,87,6351,34800,0.0344827586,1
Field & Stream Sportsman 16 Gun Fire Safe,2015,5,87,5916,34800,0.0344827586,1
Field & Stream Sportsman 16 Gun Fire Safe,2015,6,92,6992,36800,0.0543478261,1
Field & Stream Sportsman 16 Gun Fire Safe,2015,7,78,3588,31200,0.0512820513,1
Field & Stream Sportsman 16 Gun Fire Safe,2015,8,91,13286,36400,0.043956044,1
Field & Stream Sportsman 16 Gun Fire Safe,2015,9,77,10010,30800,0.012987013,1
Field & Stream Sportsman 16 Gun Fire Safe,2015,10,92,6072,36800,0.0434782609,1
Field & Stream Sportsman 16 Gun Fire Safe,2015,11,80,8480,32000,0.0375,1
Field & Stream Sportsman 16 Gun Fire Safe,2015,12,88,2640,35200,0.0113636364,1
Field & Stream Sportsman 16 Gun Fire Safe,2016,1,90,8190,36000,0.0111111111,1
Field & Stream Sportsman 16 Gun Fire Safe,2016,2,85,2465,34000,0.0352941176,1
Field & Stream Sportsman 16 Gun Fire Safe,2016,3,86,2752,34400,0.011627907,1
Field & Stream Sportsman 16 Gun Fire Safe,2016,4,89,13706,35600,0.0112359551,1
Field & Stream Sportsman 16 Gun Fire Safe,2016,5,80,2560,32000,0,1
Field & Stream Sportsman 16 Gun Fire Safe,2016,6,81,10611,32400,0,1
Field & Stream Sportsman 16 Gun Fire Safe,2016,7,107,1712,42800,0,1
Field & Stream Sportsman 16 Gun Fire Safe,2016,8,108,12960,43200,0.0462962963,1
Field & Stream Sportsman 16 Gun Fire Safe,2016,9,86,11266,34400,0.0348837209,1
Field & Stream Sportsman 16 Gun Fire Safe,2016,10,80,8960,32000,0.0375,1
Field & Stream Sportsman 16 Gun Fire Safe,2016,11,104,8424,41600,0.0192307692,1
Field & Stream Sportsman 16 Gun Fire Safe,2016,12,87,11136,34800,0.0344827586,1
Field & Stream Sportsman 16 Gun Fire Safe,2017,1,73,2336,29200,0.0136986301,1
Field & Stream Sportsman 16 Gun Fire Safe,2017,2,83,7553,33200,0,1
Field & Stream Sportsman 16 Gun Fire Safe,2017,3,77,7007,30800,0,1
Field & Stream Sportsman 16 Gun Fire Safe,2017,4,85,680,34000,0,1
Field & Stream Sportsman 16 Gun Fire Safe,2017,5,82,6970,32800,0,1
Field & Stream Sportsman 16 Gun Fire Safe,2017,6,91,1274,36400,0,1
Field & Stream Sportsman 16 Gun Fire Safe,2017,7,85,2975,34000,0,1
Field & Stream Sportsman 16 Gun Fire Safe,2017,8,87,14529,34800,0,1
Field & Stream Sportsman 16 Gun Fire Safe,2017,9,94,752,37600,0,1
Fighting video games,2015,11,2,2,80,1,0
Fighting video games,2015,12,2,6,80,1,1
Fighting video games,2016,1,1,1,40,1,0
Fighting video games,2016,3,3,0,120,1,0
Fighting video games,2016,9,2,0,80,1,0
Fighting video games,2016,12,4,0,160,0,0
Fighting video games,2017,11,19,342,760,0.9473684211,1
Fighting video games,2017,12,32,128,1280,0.90625,1
First aid kit,2016,1,1,0,293,0,0
First aid kit,2017,11,10,0,2930,0,0
First aid kit,2017,12,18,324,5274,0,1
Fitbit The One Wireless Activity & Sleep,2016,12,2,1,200,0,0
Fitbit The One Wireless Activity & Sleep,2017,2,3,2,300,0,0
Fitbit The One Wireless Activity & Sleep,2017,3,2,2,200,0,0
Fitbit The One Wireless Activity & Sleep,2017,5,7,16,700,0,1
Fitbit The One Wireless Activity & Sleep,2017,6,2,4,200,0,1
Fitbit The One Wireless Activity & Sleep,2017,7,7,14,700,0,1
Fitbit The One Wireless Activity & Sleep,2017,8,4,10,400,0,1
Fitbit The One Wireless Activity & Sleep,2017,9,5,2,500,0,0
Garmin Approach S3 Golf GPS Watch,2016,10,1,0,250,0,0
Garmin Approach S3 Golf GPS Watch,2017,5,2,0,500,0,0
Garmin Approach S3 Golf GPS Watch,2017,7,2,2,500,0,0
Garmin Approach S3 Golf GPS Watch,2017,8,2,6,500,0,1
Garmin Approach S3 Golf GPS Watch,2017,9,1,2,250,0,1
Garmin Approach S3 Golf GPS Watch,2017,10,2,8,500,0,1
Garmin Approach S4 Golf GPS Watch,2017,9,3,6,900,0,1
Garmin Forerunner 910XT GPS Watch,2017,9,3,6,1200,0,1
Garmin Forerunner 910XT GPS Watch,2017,10,1,2,400,0,1
Glove It Imperial Golf Towel,2015,2,6,8,96,1,0
Glove It Imperial Golf Towel,2015,3,3,4,48,1,0
Glove It Imperial Golf Towel,2015,4,6,30,96,1,1
Glove It Imperial Golf Towel,2015,5,5,6,80,1,0
Glove It Imperial Golf Towel,2015,6,2,0,32,1,0
Glove It Imperial Golf Towel,2015,7,2,3,32,1,0
Glove It Imperial Golf Towel,2015,8,1,0,16,1,0
Glove It Imperial Golf Towel,2015,9,11,64,176,1,1
Glove It Imperial Golf Towel,2015,10,18,135,288,1,1
Glove It Imperial Golf Towel,2015,11,7,10,112,1,0
Glove It Imperial Golf Towel,2015,12,5,20,80,1,1
Glove It Imperial Golf Towel,2016,2,5,2,80,1,0
Glove It Imperial Golf Towel,2016,3,5,10,80,1,1
Glove It Imperial Golf Towel,2016,4,13,36,208,1,1
Glove It Imperial Golf Towel,2016,5,4,2,64,0.5,0
Glove It Imperial Golf Towel,2016,6,5,18,80,1,1
Glove It Imperial Golf Towel,2016,7,5,3,80,1,0
Glove It Imperial Golf Towel,2016,8,14,80,224,1,1
Glove It Imperial Golf Towel,2016,9,1,1,16,1,0
Glove It Imperial Golf Towel,2016,10,6,6,96,1,0
Glove It Imperial Golf Towel,2016,11,7,10,112,1,0
Glove It Imperial Golf Towel,2016,12,7,12,112,1,1
Glove It Imperial Golf Towel,2017,1,3,6,48,1,1
Glove It Imperial Golf Towel,2017,3,7,16,112,1,1
Glove It Imperial Golf Towel,2017,4,2,1,32,1,0
Glove It Imperial Golf Towel,2017,5,4,3,64,1,0
Glove It Imperial Golf Towel,2017,11,1,2,16,1,1
Glove It Urban Brick Golf Towel,2015,1,11,9,176,0,0
Glove It Urban Brick Golf Towel,2015,3,3,4,48,0,0
Glove It Urban Brick Golf Towel,2015,4,7,26,112,0,1
Glove It Urban Brick Golf Towel,2015,5,3,1,48,0,0
Glove It Urban Brick Golf Towel,2015,6,5,12,80,0,1
Glove It Urban Brick Golf Towel,2015,7,6,16,96,0,1
Glove It Urban Brick Golf Towel,2015,8,3,2,48,0,0
Glove It Urban Brick Golf Towel,2015,9,5,2,80,0,0
Glove It Urban Brick Golf Towel,2015,11,14,90,224,0,1
Glove It Urban Brick Golf Towel,2015,12,5,3,80,0,0
Glove It Urban Brick Golf Towel,2016,1,3,4,48,0,0
Glove It Urban Brick Golf Towel,2016,3,6,14,96,0,1
Glove It Urban Brick Golf Towel,2016,4,6,10,96,0,1
Glove It Urban Brick Golf Towel,2016,5,16,48,256,0,1
Glove It Urban Brick Golf Towel,2016,6,2,2,32,0,0
Glove It Urban Brick Golf Towel,2016,7,7,12,112,0,1
Glove It Urban Brick Golf Towel,2016,8,8,36,128,0,1
Glove It Urban Brick Golf Towel,2016,9,13,24,208,0,1
Glove It Urban Brick Golf Towel,2016,10,7,44,112,0,1
Glove It Urban Brick Golf Towel,2016,12,2,3,32,0,0
Glove It Urban Brick Golf Towel,2017,1,2,4,32,0,1
Glove It Urban Brick Golf Towel,2017,2,4,7,64,0,1
Glove It Urban Brick Golf Towel,2017,3,5,6,80,0,0
Glove It Urban Brick Golf Towel,2017,6,1,1,16,0,0
Glove It Urban Brick Golf Towel,2017,8,7,24,112,0,1
Glove It Women's Imperial Golf Glove,2015,1,5,2,100,1,0
Glove It Women's Imperial Golf Glove,2015,2,12,66,240,1,1
Glove It Women's Imperial Golf Glove,2015,3,7,30,140,1,1
Glove It Women's Imperial Golf Glove,2015,4,3,2,60,1,0
Glove It Women's Imperial Golf Glove,2015,5,13,15,260,1,0
Glove It Women's Imperial Golf Glove,2015,8,1,2,20,1,1
Glove It Women's Imperial Golf Glove,2015,9,4,2,80,1,0
Glove It Women's Imperial Golf Glove,2015,12,3,2,60,1,0
Glove It Women's Imperial Golf Glove,2016,2,9,51,180,0.6666666667,1
Glove It Women's Imperial Golf Glove,2016,3,5,2,100,1,0
Glove It Women's Imperial Golf Glove,2016,4,6,20,120,1,1
Glove It Women's Imperial Golf Glove,2016,5,10,9,200,0.6666666667,0
Glove It Women's Imperial Golf Glove,2016,6,2,4,40,0,1
Glove It Women's Imperial Golf Glove,2016,8,10,0,200,0.6666666667,0
Glove It Women's Imperial Golf Glove,2016,10,8,52,160,1,1
Glove It Women's Imperial Golf Glove,2016,11,7,10,140,1,0
Glove It Women's Imperial Golf Glove,2016,12,10,51,200,0.6666666667,1
Glove It Women's Imperial Golf Glove,2017,1,13,69,260,0.6666666667,1
Glove It Women's Imperial Golf Glove,2017,3,4,2,80,1,0
Glove It Women's Mod Oval 3-Zip Carry All,2015,1,14,56,308,0,1
Glove It Women's Mod Oval 3-Zip Carry All,2015,2,7,26,154,0,1
Glove It Women's Mod Oval 3-Zip Carry All,2015,3,20,266,440,0,1
Glove It Women's Mod Oval 3-Zip Carry All,2015,4,19,60,418,0,1
Glove It Women's Mod Oval 3-Zip Carry All,2015,5,5,9,110,0,1
Glove It Women's Mod Oval 3-Zip Carry All,2015,6,5,10,110,0,1
Glove It Women's Mod Oval 3-Zip Carry All,2015,7,10,24,220,0,1
Glove It Women's Mod Oval 3-Zip Carry All,2015,8,3,2,66,0,0
Glove It Women's Mod Oval 3-Zip Carry All,2015,10,2,3,44,0,0
Glove It Women's Mod Oval 3-Zip Carry All,2015,11,8,4,176,0,0
Glove It Women's Mod Oval 3-Zip Carry All,2015,12,2,6,44,0,1
Glove It Women's Mod Oval 3-Zip Carry All,2016,2,11,6,242,0,0
Glove It Women's Mod Oval 3-Zip Carry All,2016,3,6,20,132,0,1
Glove It Women's Mod Oval 3-Zip Carry All,2016,4,2,0,44,0,0
Glove It Women's Mod Oval 3-Zip Carry All,2016,5,4,4,88,0,0
Glove It Women's Mod Oval 3-Zip Carry All,2016,6,7,8,154,0,0
Glove It Women's Mod Oval 3-Zip Carry All,2016,7,16,145,352,0,1
Glove It Women's Mod Oval 3-Zip Carry All,2016,9,8,33,176,0,1
Glove It Women's Mod Oval 3-Zip Carry All,2016,10,9,0,198,0,0
Glove It Women's Mod Oval 3-Zip Carry All,2016,11,5,8,110,0,1
Glove It Women's Mod Oval 3-Zip Carry All,2016,12,9,51,198,0,1
Glove It Women's Mod Oval 3-Zip Carry All,2017,1,6,12,132,0,1
Glove It Women's Mod Oval 3-Zip Carry All,2017,2,2,0,44,0,0
Glove It Women's Mod Oval 3-Zip Carry All,2017,3,8,20,176,0,1
Glove It Women's Mod Oval 3-Zip Carry All,2017,6,1,1,22,0,0
Glove It Women's Mod Oval 3-Zip Carry All,2017,7,2,4,44,0,1
Glove It Women's Mod Oval 3-Zip Carry All,2017,12,2,4,44,0,1
Glove It Women's Mod Oval Golf Glove,2015,1,5,2,100,0,0
Glove It Women's Mod Oval Golf Glove,2015,3,7,24,140,0.5,1
Glove It Women's Mod Oval Golf Glove,2015,5,7,18,140,0,1
Glove It Women's Mod Oval Golf Glove,2015,6,12,9,240,0.3333333333,0
Glove It Women's Mod Oval Golf Glove,2015,8,4,6,80,0,0
Glove It Women's Mod Oval Golf Glove,2015,10,8,18,160,0,1
Glove It Women's Mod Oval Golf Glove,2015,11,9,6,180,0,0
Glove It Women's Mod Oval Golf Glove,2015,12,1,2,20,0,1
Glove It Women's Mod Oval Golf Glove,2016,1,4,4,80,0,0
Glove It Women's Mod Oval Golf Glove,2016,2,10,28,200,0,1
Glove It Women's Mod Oval Golf Glove,2016,3,4,2,80,0,0
Glove It Women's Mod Oval Golf Glove,2016,4,7,0,140,0,0
Glove It Women's Mod Oval Golf Glove,2016,7,11,24,220,0,1
Glove It Women's Mod Oval Golf Glove,2016,8,3,5,60,0,1
Glove It Women's Mod Oval Golf Glove,2016,9,8,8,160,0,0
Glove It Women's Mod Oval Golf Glove,2016,10,9,36,180,0,1
Glove It Women's Mod Oval Golf Glove,2016,11,4,2,80,0,0
Glove It Women's Mod Oval Golf Glove,2016,12,8,36,160,0,1
Glove It Women's Mod Oval Golf Glove,2017,1,8,28,160,0,1
Glove It Women's Mod Oval Golf Glove,2017,2,13,92,260,0,1
Glove It Women's Mod Oval Golf Glove,2017,4,11,80,220,0,1
Glove It Women's Mod Oval Golf Glove,2017,6,1,0,20,0,0
GoPro HERO3+ Black Edition Camera,2017,9,1,0,400,0,0
GoPro HERO3+ Black Edition Camera,2017,10,1,1,400,0,0
GolfBuddy VT3 GPS Watch,2017,5,2,0,400,0,0
GolfBuddy VT3 GPS Watch,2017,6,2,2,400,0,0
GolfBuddy VT3 GPS Watch,2017,7,4,8,800,0,1
GolfBuddy VT3 GPS Watch,2017,8,1,1,200,0,0
GolfBuddy VT3 GPS Watch,2017,9,2,6,400,0,1
Hirzl Men's Hybrid Golf Glove,2015,1,5,8,75,0.5,1
Hirzl Men's Hybrid Golf Glove,2015,2,4,8,60,0,1
Hirzl Men's Hybrid Golf Glove,2015,3,6,10,90,0.5,1
Hirzl Men's Hybrid Golf Glove,2015,4,4,0,60,0,0
Hirzl Men's Hybrid Golf Glove,2015,7,15,68,225,0.25,1
Hirzl Men's Hybrid Golf Glove,2015,10,8,24,120,0.3333333333,1
Hirzl Men's Hybrid Golf Glove,2015,11,5,6,75,0,0
Hirzl Men's Hybrid Golf Glove,2015,12,9,45,135,0,1
Hirzl Men's Hybrid Golf Glove,2016,1,6,20,90,0,1
Hirzl Men's Hybrid Golf Glove,2016,2,12,27,180,0,1
Hirzl Men's Hybrid Golf Glove,2016,3,4,2,60,0,0
Hirzl Men's Hybrid Golf Glove,2016,4,12,33,180,0,1
Hirzl Men's Hybrid Golf Glove,2016,6,4,10,60,0,1
Hirzl Men's Hybrid Golf Glove,2016,9,10,21,150,0,1
Hirzl Men's Hybrid Golf Glove,2016,10,3,6,45,0,1
Hirzl Men's Hybrid Golf Glove,2016,12,3,6,45,0,1
Hirzl Men's Hybrid Golf Glove,2017,1,5,12,75,0,1
Hirzl Men's Hybrid Golf Glove,2017,2,10,24,150,0,1
Hirzl Men's Hybrid Golf Glove,2017,3,3,0,45,0,0
Hirzl Women's Hybrid Golf Glove,2015,1,7,26,105,0,1
Hirzl Women's Hybrid Golf Glove,2015,4,14,35,210,0,1
Hirzl Women's Hybrid Golf Glove,2015,6,3,5,45,0,1
Hirzl Women's Hybrid Golf Glove,2015,7,13,30,195,0.3333333333,1
Hirzl Women's Hybrid Golf Glove,2015,8,16,124,240,0.25,1
Hirzl Women's Hybrid Golf Glove,2015,9,3,4,45,1,0
Hirzl Women's Hybrid Golf Glove,2015,10,4,3,60,0,0
Hirzl Women's Hybrid Golf Glove,2015,11,5,8,75,0,1
Hirzl Women's Hybrid Golf Glove,2015,12,7,18,105,0,1
Hirzl Women's Hybrid Golf Glove,2016,1,20,150,300,0,1
Hirzl Women's Hybrid Golf Glove,2016,2,7,39,105,0,1
Hirzl Women's Hybrid Golf Glove,2016,4,10,8,150,0,0
Hirzl Women's Hybrid Golf Glove,2016,6,10,39,150,0,1
Hirzl Women's Hybrid Golf Glove,2016,7,3,5,45,0,1
Hirzl Women's Hybrid Golf Glove,2016,8,5,2,75,0,0
Hirzl Women's Hybrid Golf Glove,2016,9,8,0,120,0,0
Hirzl Women's Hybrid Golf Glove,2016,10,1,0,15,0,0
Hirzl Women's Hybrid Golf Glove,2016,12,6,18,90,0,1
Hirzl Women's Hybrid Golf Glove,2017,2,6,6,90,0,0
Hirzl Women's Hybrid Golf Glove,2017,3,2,4,30,0,1
Hirzl Women's Hybrid Golf Glove,2017,4,1,2,15,0,1
Hirzl Women's Soffft Flex Golf Glove,2015,1,14,0,252,0,0
Hirzl Women's Soffft Flex Golf Glove,2015,2,3,6,54,0,1
Hirzl Women's Soffft Flex Golf Glove,2015,3,5,6,90,0,0
Hirzl Women's Soffft Flex Golf Glove,2015,4,5,3,90,0,0
Hirzl Women's Soffft Flex Golf Glove,2015,5,9,54,162,1,1
Hirzl Women's Soffft Flex Golf Glove,2015,6,3,1,54,0,0
Hirzl Women's Soffft Flex Golf Glove,2015,7,1,2,18,0,1
Hirzl Women's Soffft Flex Golf Glove,2015,8,1,0,18,0,0
Hirzl Women's Soffft Flex Golf Glove,2015,10,3,2,54,0,0
Hirzl Women's Soffft Flex Golf Glove,2015,11,7,6,126,0,0
Hirzl Women's Soffft Flex Golf Glove,2015,12,1,1,18,0,0
Hirzl Women's Soffft Flex Golf Glove,2016,1,5,5,90,0,0
Hirzl Women's Soffft Flex Golf Glove,2016,2,5,5,90,0,0
Hirzl Women's Soffft Flex Golf Glove,2016,4,4,12,72,0,1
Hirzl Women's Soffft Flex Golf Glove,2016,6,5,9,90,0,1
Hirzl Women's Soffft Flex Golf Glove,2016,7,5,6,90,0,0
Hirzl Women's Soffft Flex Golf Glove,2016,8,4,8,72,0,1
Hirzl Women's Soffft Flex Golf Glove,2016,11,1,1,18,0,0
Hirzl Women's Soffft Flex Golf Glove,2017,1,11,84,198,0,1
Hirzl Women's Soffft Flex Golf Glove,2017,2,6,8,108,0,0
Hirzl Women's Soffft Flex Golf Glove,2017,3,3,5,54,0,1
Hirzl Women's Soffft Flex Golf Glove,2017,4,4,18,72,0,1
Industrial consumer electronics,2015,7,1,1,253,0,0
Industrial consumer electronics,2017,6,1,2,253,0,1
Industrial consumer electronics,2017,7,2,2,506,0,0
Industrial consumer electronics,2017,8,2,4,506,0,1
Industrial consumer electronics,2017,10,18,90,4554,0,1
Industrial consumer electronics,2017,11,26,0,6578,0,0
LIJA Women's Argyle Golf Polo,2015,8,1,2,80,0,1
LIJA Women's Argyle Golf Polo,2017,5,10,28,800,0,1
LIJA Women's Argyle Golf Polo,2017,6,10,60,800,0,1
LIJA Women's Argyle Golf Polo,2017,7,10,80,800,0,1
LIJA Women's Argyle Golf Polo,2017,8,3,4,240,0,0
LIJA Women's Argyle Golf Polo,2017,9,6,8,480,0,0
LIJA Women's Button Golf Dress,2015,7,2,2,216,0.5,0
LIJA Women's Button Golf Dress,2017,3,1,0,108,0,0
LIJA Women's Button Golf Dress,2017,5,3,12,324,0,1
LIJA Women's Button Golf Dress,2017,6,3,18,324,0,1
LIJA Women's Button Golf Dress,2017,7,3,9,324,0,1
LIJA Women's Eyelet Sleeveless Golf Polo,2015,1,5,2,325,1,0
LIJA Women's Eyelet Sleeveless Golf Polo,2015,2,21,156,1365,1,1
LIJA Women's Eyelet Sleeveless Golf Polo,2015,3,2,3,130,1,0
LIJA Women's Eyelet Sleeveless Golf Polo,2015,4,10,15,650,1,0
LIJA Women's Eyelet Sleeveless Golf Polo,2015,5,2,1,130,1,0
LIJA Women's Eyelet Sleeveless Golf Polo,2015,6,5,3,325,1,0
LIJA Women's Eyelet Sleeveless Golf Polo,2015,7,12,48,780,1,1
LIJA Women's Eyelet Sleeveless Golf Polo,2015,9,5,2,325,1,0
LIJA Women's Eyelet Sleeveless Golf Polo,2015,10,11,0,715,1,0
LIJA Women's Eyelet Sleeveless Golf Polo,2015,11,5,9,325,1,1
LIJA Women's Eyelet Sleeveless Golf Polo,2015,12,6,16,390,1,1
LIJA Women's Eyelet Sleeveless Golf Polo,2016,2,8,6,520,1,0
LIJA Women's Eyelet Sleeveless Golf Polo,2016,3,4,0,260,1,0
LIJA Women's Eyelet Sleeveless Golf Polo,2016,4,9,8,585,1,0
LIJA Women's Eyelet Sleeveless Golf Polo,2016,5,15,68,975,0.5,1
LIJA Women's Eyelet Sleeveless Golf Polo,2016,6,8,2,520,0.5,0
LIJA Women's Eyelet Sleeveless Golf Polo,2016,7,5,0,325,1,0
LIJA Women's Eyelet Sleeveless Golf Polo,2016,8,2,2,130,1,0
LIJA Women's Eyelet Sleeveless Golf Polo,2016,9,5,1,325,1,0
LIJA Women's Eyelet Sleeveless Golf Polo,2016,11,8,45,520,1,1
LIJA Women's Eyelet Sleeveless Golf Polo,2016,12,6,20,390,1,1
LIJA Women's Eyelet Sleeveless Golf Polo,2017,1,7,18,455,1,1
LIJA Women's Eyelet Sleeveless Golf Polo,2017,2,9,28,585,0.5,1
LIJA Women's Eyelet Sleeveless Golf Polo,2017,3,2,3,130,0,0
LIJA Women's Eyelet Sleeveless Golf Polo,2017,4,2,1,130,1,0
LIJA Women's Eyelet Sleeveless Golf Polo,2017,7,5,8,325,1,1
LIJA Women's Mid-Length Panel Golf Shorts,2016,4,3,1,300,1,0
LIJA Women's Mid-Length Panel Golf Shorts,2017,3,6,0,600,1,0
LIJA Women's Mid-Length Panel Golf Shorts,2017,5,6,0,600,1,0
LIJA Women's Mid-Length Panel Golf Shorts,2017,6,2,2,200,1,0
LIJA Women's Mid-Length Panel Golf Shorts,2017,7,8,3,800,1,0
LIJA Women's Mid-Length Panel Golf Shorts,2017,8,5,18,500,1,1
LIJA Women's Mid-Length Panel Golf Shorts,2017,9,3,3,300,1,0
Lawn mower,2015,10,1,2,533,1,1
Lawn mower,2016,1,2,6,1066,0,1
Lawn mower,2016,2,3,0,1599,0.3333333333,0
Lawn mower,2016,3,1,2,533,0,1
Lawn mower,2017,11,45,360,23985,0,1
Lawn mower,2017,12,15,60,7995,0,1
MDGolf Pittsburgh Penguins Putter,2015,1,4,8,320,1,1
MDGolf Pittsburgh Penguins Putter,2017,4,4,7,320,1,1
MDGolf Pittsburgh Penguins Putter,2017,5,6,16,480,1,1
MDGolf Pittsburgh Penguins Putter,2017,6,4,0,320,1,0
MDGolf Pittsburgh Penguins Putter,2017,8,1,1,80,1,0
MDGolf Pittsburgh Penguins Putter,2017,10,1,1,80,1,0
Men's gala suit,2017,11,4,20,844,0,1
Men's gala suit,2017,12,4,12,844,0,1
Merrell Men's All Out Flash Trail Running,2015,1,1,1,110,0,0
Merrell Men's All Out Flash Trail Running,2017,1,1,1,110,0,0
Merrell Men's All Out Flash Trail Running,2017,4,1,0,110,0,0
Merrell Men's All Out Flash Trail Running,2017,5,6,54,660,0,1
Merrell Men's All Out Flash Trail Running,2017,6,6,0,660,0,0
Merrell Men's All Out Flash Trail Running,2017,7,4,4,440,0,0
Merrell Men's All Out Flash Trail Running,2017,9,2,6,220,0,1
Merrell Men's All Out Flash Trail Running,2017,11,1,2,110,0,1
Merrell Women's Grassbow Sport Hiking Sho,2015,5,1,0,100,0,0
Merrell Women's Grassbow Sport Hiking Sho,2017,4,3,0,300,0,0
Merrell Women's Grassbow Sport Hiking Sho,2017,5,2,0,200,0,0
Merrell Women's Grassbow Sport Hiking Sho,2017,6,12,54,1200,0,1
Merrell Women's Grassbow Sport Hiking Sho,2017,7,19,90,1900,0,1
Merrell Women's Grassbow Sport Hiking Sho,2017,8,3,0,300,0,0
Merrell Women's Grassbow Sport Hiking Sho,2017,9,5,10,500,0,1
Merrell Women's Grassbow Sport Waterproof,2016,10,1,0,130,0,0
Merrell Women's Grassbow Sport Waterproof,2017,4,1,1,130,0,0
Merrell Women's Grassbow Sport Waterproof,2017,5,1,1,130,0,0
Merrell Women's Grassbow Sport Waterproof,2017,6,2,4,260,0,1
Merrell Women's Grassbow Sport Waterproof,2017,7,3,9,390,0,1
Merrell Women's Grassbow Sport Waterproof,2017,8,2,8,260,0,1
Merrell Women's Grassbow Sport Waterproof,2017,9,1,0,130,0,0
Merrell Women's Siren Mid Waterproof Hiki,2017,2,1,1,135,0,0
Merrell Women's Siren Mid Waterproof Hiki,2017,4,1,2,135,0,1
Merrell Women's Siren Mid Waterproof Hiki,2017,5,3,12,405,0,1
Merrell Women's Siren Mid Waterproof Hiki,2017,7,3,0,405,0,0
Merrell Women's Siren Mid Waterproof Hiki,2017,8,3,12,405,0,1
Merrell Women's Siren Mid Waterproof Hiki,2017,9,1,2,135,0,1
Merrell Women's Siren Mid Waterproof Hiki,2017,10,1,0,135,0,0
Mio ALPHA Heart Rate Monitor/Sport Watch,2015,8,1,2,199,0,1
Mio ALPHA Heart Rate Monitor/Sport Watch,2017,1,1,1,199,0,0
Mio ALPHA Heart Rate Monitor/Sport Watch,2017,4,1,0,199,0,0
Mio ALPHA Heart Rate Monitor/Sport Watch,2017,6,2,0,398,0,0
Mio ALPHA Heart Rate Monitor/Sport Watch,2017,7,1,0,199,0,0
Mio ALPHA Heart Rate Monitor/Sport Watch,2017,8,1,0,199,0,0
Mio ALPHA Heart Rate Monitor/Sport Watch,2017,9,4,12,796,0,1
Nike Dri-FIT Crew Sock 6 Pack,2015,1,10,30,220,0,1
Nike Dri-FIT Crew Sock 6 Pack,2015,2,6,2,132,0,0
Nike Dri-FIT Crew Sock 6 Pack,2015,3,6,33,132,0,1
Nike Dri-FIT Crew Sock 6 Pack,2015,5,5,2,110,0,0
Nike Dri-FIT Crew Sock 6 Pack,2015,7,6,33,132,0,1
Nike Dri-FIT Crew Sock 6 Pack,2015,8,4,8,88,0,1
Nike Dri-FIT Crew Sock 6 Pack,2015,9,7,22,154,0,1
Nike Dri-FIT Crew Sock 6 Pack,2015,10,7,12,154,0,1
Nike Dri-FIT Crew Sock 6 Pack,2015,11,1,2,22,0,1
Nike Dri-FIT Crew Sock 6 Pack,2015,12,8,20,176,0,1
Nike Dri-FIT Crew Sock 6 Pack,2016,2,3,8,66,0,1
Nike Dri-FIT Crew Sock 6 Pack,2016,3,1,2,22,0,1
Nike Dri-FIT Crew Sock 6 Pack,2016,4,5,8,110,0,1
Nike Dri-FIT Crew Sock 6 Pack,2016,5,7,6,154,0,0
Nike Dri-FIT Crew Sock 6 Pack,2016,7,1,1,22,0,0
Nike Dri-FIT Crew Sock 6 Pack,2016,8,11,57,242,0,1
Nike Dri-FIT Crew Sock 6 Pack,2016,9,4,2,88,0,0
Nike Dri-FIT Crew Sock 6 Pack,2016,10,11,48,242,0,1
Nike Dri-FIT Crew Sock 6 Pack,2016,11,15,12,330,0,0
Nike Dri-FIT Crew Sock 6 Pack,2016,12,7,4,154,0,0
Nike Dri-FIT Crew Sock 6 Pack,2017,1,2,4,44,0,1
Nike Dri-FIT Crew Sock 6 Pack,2017,2,2,2,44,0,0
Nike Dri-FIT Crew Sock 6 Pack,2017,3,3,6,66,0,1
Nike Dri-FIT Crew Sock 6 Pack,2017,4,3,10,66,0,1
Nike Kids' Grade School KD VI Basketball,2017,4,3,0,300,1,0
Nike Kids' Grade School KD VI Basketball,2017,5,3,8,300,1,1
Nike Kids' Grade School KD VI Basketball,2017,8,7,36,700,1,1
Nike Kids' Grade School KD VI Basketball,2017,9,8,28,800,1,1
Nike Men's CJ Elite 2 TD Football Cleat,2015,1,104,624,13520,0.0480769231,1
Nike Men's CJ Elite 2 TD Football Cleat,2015,2,100,10800,13000,0.09,1
Nike Men's CJ Elite 2 TD Football Cleat,2015,3,107,18083,13910,1,1
Nike Men's CJ Elite 2 TD Football Cleat,2015,4,127,12446,16510,0.2834645669,1
Nike Men's CJ Elite 2 TD Football Cleat,2015,5,104,16744,13520,0.9903846154,1
Nike Men's CJ Elite 2 TD Football Cleat,2015,6,111,8214,14430,0.972972973,1
Nike Men's CJ Elite 2 TD Football Cleat,2015,7,121,26136,15730,0.9917355372,1
Nike Men's CJ Elite 2 TD Football Cleat,2015,8,120,20400,15600,0.1666666667,1
Nike Men's CJ Elite 2 TD Football Cleat,2015,9,98,3528,12740,0.0204081633,1
Nike Men's CJ Elite 2 TD Football Cleat,2015,10,114,22800,14820,1,1
Nike Men's CJ Elite 2 TD Football Cleat,2015,11,111,13875,14430,0.981981982,1
Nike Men's CJ Elite 2 TD Football Cleat,2015,12,101,9898,13130,0.0396039604,1
Nike Men's CJ Elite 2 TD Football Cleat,2016,1,150,25800,19500,0.9666666667,1
Nike Men's CJ Elite 2 TD Football Cleat,2016,2,100,8000,13000,0.07,1
Nike Men's CJ Elite 2 TD Football Cleat,2016,3,119,23681,15470,0.0588235294,1
Nike Men's CJ Elite 2 TD Football Cleat,2016,4,125,29125,16250,0.976,1
Nike Men's CJ Elite 2 TD Football Cleat,2016,5,112,1904,14560,0.0803571429,1
Nike Men's CJ Elite 2 TD Football Cleat,2016,6,117,9594,15210,0.9230769231,1
Nike Men's CJ Elite 2 TD Football Cleat,2016,7,130,26780,16900,0.8923076923,1
Nike Men's CJ Elite 2 TD Football Cleat,2016,8,137,35757,17810,0.9416058394,1
Nike Men's CJ Elite 2 TD Football Cleat,2016,9,98,3332,12740,0.0510204082,1
Nike Men's CJ Elite 2 TD Football Cleat,2016,10,141,25662,18330,0.8936170213,1
Nike Men's CJ Elite 2 TD Football Cleat,2016,11,116,19256,15080,0.0689655172,1
Nike Men's CJ Elite 2 TD Football Cleat,2016,12,131,15589,17030,0.9083969466,1
Nike Men's CJ Elite 2 TD Football Cleat,2017,1,112,21056,14560,0.8482142857,1
Nike Men's CJ Elite 2 TD Football Cleat,2017,2,98,9702,12740,0.887755102,1
Nike Men's CJ Elite 2 TD Football Cleat,2017,3,137,13837,17810,0.0218978102,1
Nike Men's CJ Elite 2 TD Football Cleat,2017,4,110,10230,14300,0.0090909091,1
Nike Men's CJ Elite 2 TD Football Cleat,2017,5,115,460,14950,0.0173913043,1
Nike Men's CJ Elite 2 TD Football Cleat,2017,6,133,9310,17290,0.037593985,1
Nike Men's CJ Elite 2 TD Football Cleat,2017,7,126,24444,16380,0.9365079365,1
Nike Men's CJ Elite 2 TD Football Cleat,2017,8,102,5304,13260,0.0196078431,1
Nike Men's CJ Elite 2 TD Football Cleat,2017,9,127,13462,16510,0.0472440945,1
Nike Men's CJ Elite 2 TD Football Cleat,2017,10,1,0,130,0,0
Nike Men's Comfort 2 Slide,2015,1,11,76,495,0,1
Nike Men's Comfort 2 Slide,2015,2,3,2,135,0,0
Nike Men's Comfort 2 Slide,2015,3,6,18,270,0,1
Nike Men's Comfort 2 Slide,2015,4,4,5,180,0,0
Nike Men's Comfort 2 Slide,2015,5,5,18,225,0,1
Nike Men's Comfort 2 Slide,2015,7,20,72,900,0,1
Nike Men's Comfort 2 Slide,2015,8,8,30,360,0,1
Nike Men's Comfort 2 Slide,2015,9,2,1,90,0,0
Nike Men's Comfort 2 Slide,2015,10,6,4,270,0,0
Nike Men's Comfort 2 Slide,2015,11,18,150,810,0,1
Nike Men's Comfort 2 Slide,2015,12,3,4,135,0,0
Nike Men's Comfort 2 Slide,2016,1,2,3,90,0,0
Nike Men's Comfort 2 Slide,2016,2,7,42,315,0,1
Nike Men's Comfort 2 Slide,2016,3,4,3,180,0,0
Nike Men's Comfort 2 Slide,2016,4,20,120,900,0,1
Nike Men's Comfort 2 Slide,2016,6,1,1,45,0,0
Nike Men's Comfort 2 Slide,2016,9,11,72,495,0,1
Nike Men's Comfort 2 Slide,2016,10,3,4,135,0,0
Nike Men's Comfort 2 Slide,2016,12,5,12,225,0,1
Nike Men's Comfort 2 Slide,2017,1,8,3,360,0,0
Nike Men's Comfort 2 Slide,2017,2,3,4,135,0,0
Nike Men's Comfort 2 Slide,2017,3,9,18,405,0,1
Nike Men's Comfort 2 Slide,2017,4,5,10,225,0,1
Nike Men's Comfort 2 Slide,2017,7,1,2,45,0,1
Nike Men's Comfort 2 Slide,2017,9,1,0,45,0,0
Nike Men's Deutschland Weltmeister Winner,2015,1,8,15,240,0,1
Nike Men's Deutschland Weltmeister Winner,2015,3,5,14,150,0,1
Nike Men's Deutschland Weltmeister Winner,2015,4,3,0,90,0,0
Nike Men's Deutschland Weltmeister Winner,2015,5,1,0,30,0,0
Nike Men's Deutschland Weltmeister Winner,2015,6,4,14,120,0,1
Nike Men's Deutschland Weltmeister Winner,2015,7,9,12,270,0,0
Nike Men's Deutschland Weltmeister Winner,2015,8,6,8,180,0.5,0
Nike Men's Deutschland Weltmeister Winner,2015,10,6,9,180,0,0
Nike Men's Deutschland Weltmeister Winner,2015,11,10,48,300,0,1
Nike Men's Deutschland Weltmeister Winner,2015,12,3,2,90,1,0
Nike Men's Deutschland Weltmeister Winner,2016,1,4,8,120,0,1
Nike Men's Deutschland Weltmeister Winner,2016,2,15,60,450,0,1
Nike Men's Deutschland Weltmeister Winner,2016,3,12,30,360,0,1
Nike Men's Deutschland Weltmeister Winner,2016,4,10,100,300,0,1
Nike Men's Deutschland Weltmeister Winner,2016,5,10,32,300,0,1
Nike Men's Deutschland Weltmeister Winner,2016,6,3,2,90,0,0
Nike Men's Deutschland Weltmeister Winner,2016,8,13,75,390,0,1
Nike Men's Deutschland Weltmeister Winner,2016,9,1,0,30,0,0
Nike Men's Deutschland Weltmeister Winner,2016,10,12,66,360,0,1
Nike Men's Deutschland Weltmeister Winner,2016,12,14,80,420,0,1
Nike Men's Deutschland Weltmeister Winner,2017,1,10,27,300,0,1
Nike Men's Deutschland Weltmeister Winner,2017,2,9,0,270,0,0
Nike Men's Deutschland Weltmeister Winner,2017,3,5,1,150,0,0
Nike Men's Deutschland Weltmeister Winner,2017,4,9,2,270,0,0
Nike Men's Deutschland Weltmeister Winner,2017,5,4,4,120,0,0
Nike Men's Deutschland Weltmeister Winner,2017,9,3,5,90,0,1
Nike Men's Dri-FIT Victory Golf Polo,2015,1,312,18368,15600,1,1
Nike Men's Dri-FIT Victory Golf Polo,2015,2,313,50197,15650,0.0792079208,1
Nike Men's Dri-FIT Victory Golf Polo,2015,3,376,1353,18800,0.0894308943,1
Nike Men's Dri-FIT Victory Golf Polo,2015,4,344,71875,17200,0.9652173913,1
Nike Men's Dri-FIT Victory Golf Polo,2015,5,275,6110,13750,0.0957446809,1
Nike Men's Dri-FIT Victory Golf Polo,2015,6,373,61360,18650,1,1
Nike Men's Dri-FIT Victory Golf Polo,2015,7,363,74128,18150,0.0973451327,1
Nike Men's Dri-FIT Victory Golf Polo,2015,8,278,10767,13900,0.1030927835,1
Nike Men's Dri-FIT Victory Golf Polo,2015,9,290,14039,14500,0.0198019802,1
Nike Men's Dri-FIT Victory Golf Polo,2015,10,333,52520,16650,1,1
Nike Men's Dri-FIT Victory Golf Polo,2015,11,294,43225,14700,1,1
Nike Men's Dri-FIT Victory Golf Polo,2015,12,252,3182,12600,0.1046511628,1
Nike Men's Dri-FIT Victory Golf Polo,2016,1,361,72116,18050,1,1
Nike Men's Dri-FIT Victory Golf Polo,2016,2,307,1100,15350,0.07,1
Nike Men's Dri-FIT Victory Golf Polo,2016,3,289,7644,14450,0.1224489796,1
Nike Men's Dri-FIT Victory Golf Polo,2016,4,283,15444,14150,0.0404040404,1
Nike Men's Dri-FIT Victory Golf Polo,2016,5,371,25500,18550,0.976,1
Nike Men's Dri-FIT Victory Golf Polo,2016,6,300,40866,15000,0.9387755102,1
Nike Men's Dri-FIT Victory Golf Polo,2016,7,352,63954,17600,0.9736842105,1
Nike Men's Dri-FIT Victory Golf Polo,2016,8,385,13081,19250,0.094488189,1
Nike Men's Dri-FIT Victory Golf Polo,2016,9,321,16303,16050,0.0924369748,1
Nike Men's Dri-FIT Victory Golf Polo,2016,10,401,32128,20050,0.921875,1
Nike Men's Dri-FIT Victory Golf Polo,2016,11,401,33976,20050,0.0729927007,1
Nike Men's Dri-FIT Victory Golf Polo,2016,12,313,44745,15650,0.9473684211,1
Nike Men's Dri-FIT Victory Golf Polo,2017,1,350,1417,17500,0.0550458716,1
Nike Men's Dri-FIT Victory Golf Polo,2017,2,383,36240,19150,0.9666666667,1
Nike Men's Dri-FIT Victory Golf Polo,2017,3,337,66852,16850,0.9814814815,1
Nike Men's Dri-FIT Victory Golf Polo,2017,4,246,13992,12300,0.0113636364,1
Nike Men's Dri-FIT Victory Golf Polo,2017,5,330,63036,16500,0.9607843137,1
Nike Men's Dri-FIT Victory Golf Polo,2017,6,320,68266,16000,0.9158878505,1
Nike Men's Dri-FIT Victory Golf Polo,2017,7,322,69328,16100,0.9285714286,1
Nike Men's Dri-FIT Victory Golf Polo,2017,8,336,17864,16800,0.0431034483,1
Nike Men's Dri-FIT Victory Golf Polo,2017,9,348,60003,17400,0.9115044248,1
Nike Men's Dri-FIT Victory Golf Polo,2017,10,16,304,800,0,1
Nike Men's Dri-FIT Victory Golf Polo,2017,11,8,112,400,0,1
Nike Men's Dri-FIT Victory Golf Polo,2017,12,3,6,150,0,1
Nike Men's Fingertrap Max Training Shoe,2017,5,5,25,625,0,1
Nike Men's Fingertrap Max Training Shoe,2017,6,2,8,250,0,1
Nike Men's Fingertrap Max Training Shoe,2017,7,1,2,125,0,1
Nike Men's Fingertrap Max Training Shoe,2017,8,4,16,500,0,1
Nike Men's Fingertrap Max Training Shoe,2017,9,1,2,125,0,1
Nike Men's Free 5.0+ Running Shoe,2015,1,244,1494,24400,1,1
Nike Men's Free 5.0+ Running Shoe,2015,2,208,6499,20800,1,1
Nike Men's Free 5.0+ Running Shoe,2015,3,181,11590,18100,1,1
Nike Men's Free 5.0+ Running Shoe,2015,4,218,21000,21800,1,1
Nike Men's Free 5.0+ Running Shoe,2015,5,217,17388,21700,1,1
Nike Men's Free 5.0+ Running Shoe,2015,6,179,1740,17900,1,1
Nike Men's Free 5.0+ Running Shoe,2015,7,162,9016,16200,1,1
Nike Men's Free 5.0+ Running Shoe,2015,8,187,22869,18700,1,1
Nike Men's Free 5.0+ Running Shoe,2015,9,137,1232,13700,0.9772727273,1
Nike Men's Free 5.0+ Running Shoe,2015,10,238,30525,23800,0.9466666667,1
Nike Men's Free 5.0+ Running Shoe,2015,11,196,14553,19600,1,1
Nike Men's Free 5.0+ Running Shoe,2015,12,191,23680,19100,0.90625,1
Nike Men's Free 5.0+ Running Shoe,2016,1,200,17766,20000,0.8888888889,1
Nike Men's Free 5.0+ Running Shoe,2016,2,130,7498,13000,0.9130434783,1
Nike Men's Free 5.0+ Running Shoe,2016,3,171,18648,17100,0.8392857143,1
Nike Men's Free 5.0+ Running Shoe,2016,4,205,20923,20500,0.9672131148,1
Nike Men's Free 5.0+ Running Shoe,2016,5,150,13833,15000,0.9622641509,1
Nike Men's Free 5.0+ Running Shoe,2016,6,171,17806,17100,0.9310344828,1
Nike Men's Free 5.0+ Running Shoe,2016,7,257,8991,25700,0.8765432099,1
Nike Men's Free 5.0+ Running Shoe,2016,8,242,237,24200,0.8607594937,0
Nike Men's Free 5.0+ Running Shoe,2016,9,207,6264,20700,0.8888888889,1
Nike Men's Free 5.0+ Running Shoe,2016,10,207,10064,20700,0.75,1
Nike Men's Free 5.0+ Running Shoe,2016,11,218,16506,21800,0.9047619048,1
Nike Men's Free 5.0+ Running Shoe,2016,12,176,22176,17600,0.8412698413,1
Nike Men's Free 5.0+ Running Shoe,2017,1,166,935,16600,0.7272727273,1
Nike Men's Free 5.0+ Running Shoe,2017,2,227,10290,22700,0.8571428571,1
Nike Men's Free 5.0+ Running Shoe,2017,3,162,4947,16200,0.8431372549,1
Nike Men's Free 5.0+ Running Shoe,2017,4,183,10017,18300,0.9206349206,1
Nike Men's Free 5.0+ Running Shoe,2017,5,199,17457,19900,0.8405797101,1
Nike Men's Free 5.0+ Running Shoe,2017,6,206,5200,20600,0.7846153846,1
Nike Men's Free 5.0+ Running Shoe,2017,7,204,22043,20400,0.776119403,1
Nike Men's Free 5.0+ Running Shoe,2017,8,159,11466,15900,0.8163265306,1
Nike Men's Free 5.0+ Running Shoe,2017,9,243,8505,24300,0.7530864198,1
Nike Men's Free 5.0+ Running Shoe,2017,10,5,28,500,0.75,1
Nike Men's Free 5.0+ Running Shoe,2017,11,6,18,600,1,1
Nike Men's Free 5.0+ Running Shoe,2017,12,3,3,300,1,0
Nike Men's Free TR 5.0 TB Training Shoe,2017,5,5,2,500,0,0
Nike Men's Free TR 5.0 TB Training Shoe,2017,6,9,24,900,0,1
Nike Men's Free TR 5.0 TB Training Shoe,2017,7,13,36,1300,0,1
Nike Men's Free TR 5.0 TB Training Shoe,2017,8,1,0,100,0,0
Nike Men's Free TR 5.0 TB Training Shoe,2017,9,2,3,200,0,0
Nike Men's Kobe IX Elite Low Basketball S,2017,1,1,1,200,0,0
Nike Men's Kobe IX Elite Low Basketball S,2017,3,1,0,200,0,0
Nike Men's Kobe IX Elite Low Basketball S,2017,5,4,20,800,0,1
Nike Men's Kobe IX Elite Low Basketball S,2017,6,4,8,800,0,1
Nike Men's Kobe IX Elite Low Basketball S,2017,7,1,2,200,0,1
Nike Men's Kobe IX Elite Low Basketball S,2017,8,3,9,600,0,1
Nike Women's Free 5.0 TR FIT PRT 4 Traini,2015,6,4,1,380,0,0
Nike Women's Free 5.0 TR FIT PRT 4 Traini,2015,12,2,3,190,0,0
Nike Women's Free 5.0 TR FIT PRT 4 Traini,2016,8,4,1,380,0,0
Nike Women's Free 5.0 TR FIT PRT 4 Traini,2017,3,4,6,380,0,0
Nike Women's Free 5.0 TR FIT PRT 4 Traini,2017,5,3,5,285,0,1
Nike Women's Free 5.0 TR FIT PRT 4 Traini,2017,6,10,24,950,0,1
Nike Women's Free 5.0 TR FIT PRT 4 Traini,2017,7,5,14,475,0,1
Nike Women's Free 5.0 TR FIT PRT 4 Traini,2017,8,15,0,1425,0,0
Nike Women's Free 5.0 TR FIT PRT 4 Traini,2017,9,5,8,475,0,1
Nike Women's Legend V-Neck T-Shirt,2015,1,4,7,100,0,1
Nike Women's Legend V-Neck T-Shirt,2015,2,5,1,125,0,0
Nike Women's Legend V-Neck T-Shirt,2015,4,5,6,125,0,0
Nike Women's Legend V-Neck T-Shirt,2015,5,12,110,300,0,1
Nike Women's Legend V-Neck T-Shirt,2015,7,4,4,100,0,0
Nike Women's Legend V-Neck T-Shirt,2015,8,1,0,25,0,0
Nike Women's Legend V-Neck T-Shirt,2015,10,5,1,125,0,0
Nike Women's Legend V-Neck T-Shirt,2015,11,5,0,125,0,0
Nike Women's Legend V-Neck T-Shirt,2015,12,1,1,25,0,0
Nike Women's Legend V-Neck T-Shirt,2016,2,4,3,100,0,0
Nike Women's Legend V-Neck T-Shirt,2016,3,4,7,100,0,1
Nike Women's Legend V-Neck T-Shirt,2016,4,5,7,125,0,0
Nike Women's Legend V-Neck T-Shirt,2016,6,5,1,125,0,0
Nike Women's Legend V-Neck T-Shirt,2016,7,3,2,75,0,0
Nike Women's Legend V-Neck T-Shirt,2016,8,3,3,75,0,0
Nike Women's Legend V-Neck T-Shirt,2016,9,6,8,150,0,0
Nike Women's Legend V-Neck T-Shirt,2016,10,7,16,175,0,1
Nike Women's Legend V-Neck T-Shirt,2016,11,2,4,50,0,1
Nike Women's Legend V-Neck T-Shirt,2016,12,8,42,200,0,1
Nike Women's Legend V-Neck T-Shirt,2017,1,1,2,25,0,1
Nike Women's Legend V-Neck T-Shirt,2017,2,9,18,225,0,1
Nike Women's Legend V-Neck T-Shirt,2017,3,4,5,100,0,0
Nike Women's Legend V-Neck T-Shirt,2017,4,5,1,125,0,0
Nike Women's Tempo Shorts,2015,1,23,301,690,0.2857142857,1
Nike Women's Tempo Shorts,2015,2,8,22,240,0,1
Nike Women's Tempo Shorts,2015,3,5,14,150,0,1
Nike Women's Tempo Shorts,2015,4,10,15,300,0,0
Nike Women's Tempo Shorts,2015,5,1,0,30,0,0
Nike Women's Tempo Shorts,2015,6,8,27,240,0,1
Nike Women's Tempo Shorts,2015,8,1,2,30,0,1
Nike Women's Tempo Shorts,2015,9,9,15,270,0,1
Nike Women's Tempo Shorts,2015,10,8,4,240,0,0
Nike Women's Tempo Shorts,2015,11,2,4,60,0,1
Nike Women's Tempo Shorts,2015,12,4,16,120,0,1
Nike Women's Tempo Shorts,2016,1,4,6,120,0,0
Nike Women's Tempo Shorts,2016,2,3,0,90,0.3333333333,0
Nike Women's Tempo Shorts,2016,3,4,8,120,0,1
Nike Women's Tempo Shorts,2016,5,8,18,240,0,1
Nike Women's Tempo Shorts,2016,6,8,4,240,0,0
Nike Women's Tempo Shorts,2016,7,1,2,30,0,1
Nike Women's Tempo Shorts,2016,8,13,6,390,0,0
Nike Women's Tempo Shorts,2016,10,13,40,390,0,1
Nike Women's Tempo Shorts,2016,11,6,6,180,0,0
Nike Women's Tempo Shorts,2016,12,2,3,60,0,0
Nike Women's Tempo Shorts,2017,1,1,1,30,0,0
Nike Women's Tempo Shorts,2017,3,1,2,30,0,1
Nike Women's Tempo Shorts,2017,4,12,0,360,0,0
Nike Women's Tempo Shorts,2017,7,4,4,120,0,0
O'Brien Men's Neoprene Life Vest,2015,1,400,55250,20000,1,1
O'Brien Men's Neoprene Life Vest,2015,2,277,12672,13850,0.1363636364,1
O'Brien Men's Neoprene Life Vest,2015,3,355,71858,17750,1,1
O'Brien Men's Neoprene Life Vest,2015,4,329,12064,16450,0.1538461538,1
O'Brien Men's Neoprene Life Vest,2015,5,218,30324,10900,1,1
O'Brien Men's Neoprene Life Vest,2015,6,277,43430,13850,0.1683168317,1
O'Brien Men's Neoprene Life Vest,2015,7,284,2112,14200,0.125,1
O'Brien Men's Neoprene Life Vest,2015,8,230,4408,11500,0.1973684211,1
O'Brien Men's Neoprene Life Vest,2015,9,349,48852,17450,0.9661016949,1
O'Brien Men's Neoprene Life Vest,2015,10,234,36801,11700,0.1379310345,1
O'Brien Men's Neoprene Life Vest,2015,11,329,7360,16450,0.1130434783,1
O'Brien Men's Neoprene Life Vest,2015,12,346,38794,17300,0.9075630252,1
O'Brien Men's Neoprene Life Vest,2016,1,332,6048,16600,0.1481481481,1
O'Brien Men's Neoprene Life Vest,2016,2,336,14124,16800,0.1869158879,1
O'Brien Men's Neoprene Life Vest,2016,3,298,8466,14900,0.1666666667,1
O'Brien Men's Neoprene Life Vest,2016,4,283,47940,14150,0.9411764706,1
O'Brien Men's Neoprene Life Vest,2016,5,375,15504,18750,0.1315789474,1
O'Brien Men's Neoprene Life Vest,2016,6,283,19570,14150,0.0582524272,1
O'Brien Men's Neoprene Life Vest,2016,7,383,3072,19150,0.109375,1
O'Brien Men's Neoprene Life Vest,2016,8,303,58080,15150,0.1272727273,1
O'Brien Men's Neoprene Life Vest,2016,9,262,31188,13100,0.1413043478,1
O'Brien Men's Neoprene Life Vest,2016,10,406,17415,20300,0.1240310078,1
O'Brien Men's Neoprene Life Vest,2016,11,282,42048,14100,0.9375,1
O'Brien Men's Neoprene Life Vest,2016,12,328,49220,16400,0.0841121495,1
O'Brien Men's Neoprene Life Vest,2017,1,288,50573,14400,0.0776699029,1
O'Brien Men's Neoprene Life Vest,2017,2,337,19845,16850,0.0857142857,1
O'Brien Men's Neoprene Life Vest,2017,3,287,18375,14350,0.4952380952,1
O'Brien Men's Neoprene Life Vest,2017,4,316,58883,15800,0.900990099,1
O'Brien Men's Neoprene Life Vest,2017,5,335,65291,16750,0.8532110092,1
O'Brien Men's Neoprene Life Vest,2017,6,258,41022,12900,0.8720930233,1
O'Brien Men's Neoprene Life Vest,2017,7,337,9828,16850,0,1
O'Brien Men's Neoprene Life Vest,2017,8,248,35752,12400,0.8780487805,1
O'Brien Men's Neoprene Life Vest,2017,9,254,13500,12700,0,1
O'Brien Men's Neoprene Life Vest,2017,10,5,16,250,0,1
Ogio Race Golf Shoes,2017,4,1,0,170,0,0
Ogio Race Golf Shoes,2017,5,3,3,510,0,0
Ogio Race Golf Shoes,2017,6,1,2,170,0,1
Ogio Race Golf Shoes,2017,7,2,8,340,0,1
Ogio Race Golf Shoes,2017,8,6,6,1020,0,0
Pelican Maverick 100X Kayak,2017,9,7,21,2450,0,1
Pelican Sunstream 100 Kayak,2015,1,86,11352,17200,0.023255814,1
Pelican Sunstream 100 Kayak,2015,2,81,2592,16200,0.012345679,1
Pelican Sunstream 100 Kayak,2015,3,68,2856,13600,0,1
Pelican Sunstream 100 Kayak,2015,4,84,8400,16800,0.0119047619,1
Pelican Sunstream 100 Kayak,2015,5,80,2800,16000,0.0125,1
Pelican Sunstream 100 Kayak,2015,6,67,804,13400,0,1
Pelican Sunstream 100 Kayak,2015,7,71,1846,14200,0.0281690141,1
Pelican Sunstream 100 Kayak,2015,8,95,9975,19000,0,1
Pelican Sunstream 100 Kayak,2015,9,82,1804,16400,0.012195122,1
Pelican Sunstream 100 Kayak,2015,10,80,11040,16000,0,1
Pelican Sunstream 100 Kayak,2015,11,66,3498,13200,0.0303030303,1
Pelican Sunstream 100 Kayak,2015,12,97,5335,19400,0,1
Pelican Sunstream 100 Kayak,2016,1,95,10070,19000,0.0210526316,1
Pelican Sunstream 100 Kayak,2016,2,68,1496,13600,0,1
Pelican Sunstream 100 Kayak,2016,3,75,9375,15000,0,1
Pelican Sunstream 100 Kayak,2016,4,75,675,15000,0,1
Pelican Sunstream 100 Kayak,2016,5,89,8455,17800,0,1
Pelican Sunstream 100 Kayak,2016,6,68,3740,13600,0,1
Pelican Sunstream 100 Kayak,2016,7,100,7400,20000,0,1
Pelican Sunstream 100 Kayak,2016,8,89,6942,17800,0,1
Pelican Sunstream 100 Kayak,2016,9,84,13020,16800,0,1
Pelican Sunstream 100 Kayak,2016,10,93,7347,18600,0,1
Pelican Sunstream 100 Kayak,2016,11,107,12947,21400,0,1
Pelican Sunstream 100 Kayak,2016,12,73,5913,14600,0,1
Pelican Sunstream 100 Kayak,2017,1,60,6240,12000,0,1
Pelican Sunstream 100 Kayak,2017,2,68,7140,13600,0,1
Pelican Sunstream 100 Kayak,2017,3,96,9600,19200,0,1
Pelican Sunstream 100 Kayak,2017,4,79,1817,15800,0,1
Pelican Sunstream 100 Kayak,2017,5,79,316,15800,0,1
Pelican Sunstream 100 Kayak,2017,6,75,6300,15000,0,1
Pelican Sunstream 100 Kayak,2017,7,82,1804,16400,0,1
Pelican Sunstream 100 Kayak,2017,8,94,12126,18800,0,1
Pelican Sunstream 100 Kayak,2017,9,75,2175,15000,0,1
Perfect Fitness Perfect Rip Deck,2015,1,456,38354,27360,1,1
Perfect Fitness Perfect Rip Deck,2015,2,378,81000,22680,1,1
Perfect Fitness Perfect Rip Deck,2015,3,442,75880,26520,1,1
Perfect Fitness Perfect Rip Deck,2015,4,403,84822,24180,1,1
Perfect Fitness Perfect Rip Deck,2015,5,330,68016,19800,1,1
Perfect Fitness Perfect Rip Deck,2015,6,371,58212,22260,1,1
Perfect Fitness Perfect Rip Deck,2015,7,398,129,23880,0.9689922481,0
Perfect Fitness Perfect Rip Deck,2015,8,374,62992,22440,1,1
Perfect Fitness Perfect Rip Deck,2015,9,339,59950,20340,0.9816513761,1
Perfect Fitness Perfect Rip Deck,2015,10,328,5328,19680,0.9369369369,1
Perfect Fitness Perfect Rip Deck,2015,11,392,47311,23520,1,1
Perfect Fitness Perfect Rip Deck,2015,12,320,52470,19200,0.9245283019,1
Perfect Fitness Perfect Rip Deck,2016,1,378,79690,22680,1,1
Perfect Fitness Perfect Rip Deck,2016,2,341,27144,20460,0.9615384615,1
Perfect Fitness Perfect Rip Deck,2016,3,487,80364,29220,1,1
Perfect Fitness Perfect Rip Deck,2016,4,400,66859,24000,1,1
Perfect Fitness Perfect Rip Deck,2016,5,492,147628,29520,1,1
Perfect Fitness Perfect Rip Deck,2016,6,423,30384,25380,0.9375,1
Perfect Fitness Perfect Rip Deck,2016,7,387,6477,23220,0.9763779528,1
Perfect Fitness Perfect Rip Deck,2016,8,478,147098,28680,1,1
Perfect Fitness Perfect Rip Deck,2016,9,399,77988,23940,0.9402985075,1
Perfect Fitness Perfect Rip Deck,2016,10,427,1644,25620,0.8905109489,1
Perfect Fitness Perfect Rip Deck,2016,11,384,50964,23040,0.9758064516,1
Perfect Fitness Perfect Rip Deck,2016,12,403,92338,24180,0.897810219,1
Perfect Fitness Perfect Rip Deck,2017,1,357,62951,21420,0.9495798319,1
Perfect Fitness Perfect Rip Deck,2017,2,436,97097,26160,0.8811188811,1
Perfect Fitness Perfect Rip Deck,2017,3,345,6441,20700,0.8672566372,1
Perfect Fitness Perfect Rip Deck,2017,4,406,86940,24360,0.9214285714,1
Perfect Fitness Perfect Rip Deck,2017,5,406,101470,24360,0.928057554,1
Perfect Fitness Perfect Rip Deck,2017,6,317,30816,19020,0.8504672897,1
Perfect Fitness Perfect Rip Deck,2017,7,339,4181,20340,0.7345132743,1
Perfect Fitness Perfect Rip Deck,2017,8,396,20698,23760,0.8549618321,1
Perfect Fitness Perfect Rip Deck,2017,9,391,70752,23460,0.9393939394,1
Perfect Fitness Perfect Rip Deck,2017,10,12,18,720,1,0
Perfect Fitness Perfect Rip Deck,2017,11,9,63,540,0.8888888889,1
Perfect Fitness Perfect Rip Deck,2017,12,8,0,480,1,0
Polar FT4 Heart Rate Monitor,2017,2,5,0,450,0,0
Polar FT4 Heart Rate Monitor,2017,4,5,0,450,0,0
Polar FT4 Heart Rate Monitor,2017,5,3,3,270,0,0
Polar FT4 Heart Rate Monitor,2017,6,9,8,810,0,0
Polar FT4 Heart Rate Monitor,2017,7,2,4,180,0,1
Polar FT4 Heart Rate Monitor,2017,8,3,4,270,0,0
Polar FT4 Heart Rate Monitor,2017,9,6,16,540,0,1
Polar Loop Activity Tracker,2015,1,1,1,110,0,0
Polar Loop Activity Tracker,2017,4,3,15,330,0,1
Polar Loop Activity Tracker,2017,6,3,9,330,0,1
Polar Loop Activity Tracker,2017,7,2,4,220,0,1
Polar Loop Activity Tracker,2017,8,3,15,330,0,1
Polar Loop Activity Tracker,2017,9,3,9,330,0,1
Polar Loop Activity Tracker,2017,11,2,2,220,0,0
Porcelain crafts,2015,7,1,0,461,0,0
Porcelain crafts,2015,8,3,3,1383,0,0
Porcelain crafts,2015,10,3,3,1383,0,0
Porcelain crafts,2017,6,2,2,922,1,0
Porcelain crafts,2017,7,5,0,2305,0.4,0
Porcelain crafts,2017,8,3,18,1383,0,1
Porcelain crafts,2017,10,43,1677,19823,0.1395348837,1
Porcelain crafts,2017,11,25,900,11525,0,1
Rock music,2015,12,1,2,261,1,1
Rock music,2016,2,1,2,261,1,1
Rock music,2017,11,3,6,783,1,1
Rock music,2017,12,9,144,2349,1,1
Smart watch,2015,12,4,28,1312,1,1
Smart watch,2016,1,2,8,656,1,1
Smart watch,2016,2,1,1,328,1,0
Smart watch,2016,3,1,2,328,1,1
Smart watch,2017,11,16,480,5248,0.8125,1
Smart watch,2017,12,22,924,7216,0.9545454545,1
Sports Books,2015,8,1,0,31,1,0
Sports Books,2015,9,1,2,31,0,1
Sports Books,2017,9,4,0,124,0,0
Sports Books,2017,10,32,1856,992,0,1
Sports Books,2017,11,15,390,465,0,1
Sports Books,2017,12,3,6,93,0,1
Stiga Master Series ST3100 Competition In,2017,7,1,0,330,0,0
Stiga Master Series ST3100 Competition In,2017,9,3,12,990,0,1
Summer dresses,2015,12,1,2,216,1,1
Summer dresses,2016,2,2,4,432,0,1
Summer dresses,2016,8,1,0,216,0,0
Summer dresses,2017,11,21,525,4536,0,1
Summer dresses,2017,12,44,572,9504,0,1
TYR Boys' Team Digi Jammer,2015,2,2,3,80,1,0
TYR Boys' Team Digi Jammer,2015,3,5,0,200,1,0
TYR Boys' Team Digi Jammer,2015,5,2,1,80,1,0
TYR Boys' Team Digi Jammer,2015,6,12,33,480,1,1
TYR Boys' Team Digi Jammer,2015,8,3,5,120,1,1
TYR Boys' Team Digi Jammer,2015,9,8,20,320,1,1
TYR Boys' Team Digi Jammer,2015,10,8,12,320,1,0
TYR Boys' Team Digi Jammer,2015,11,5,1,200,1,0
TYR Boys' Team Digi Jammer,2016,1,5,4,200,1,0
TYR Boys' Team Digi Jammer,2016,2,5,10,200,1,1
TYR Boys' Team Digi Jammer,2016,3,10,18,400,1,1
TYR Boys' Team Digi Jammer,2016,4,14,56,560,1,1
TYR Boys' Team Digi Jammer,2016,6,9,18,360,1,1
TYR Boys' Team Digi Jammer,2016,7,3,10,120,1,1
TYR Boys' Team Digi Jammer,2016,8,5,10,200,1,1
TYR Boys' Team Digi Jammer,2016,9,4,10,160,1,1
TYR Boys' Team Digi Jammer,2016,10,7,10,280,1,0
TYR Boys' Team Digi Jammer,2016,11,2,1,80,1,0
TYR Boys' Team Digi Jammer,2016,12,6,2,240,1,0
TYR Boys' Team Digi Jammer,2017,1,2,1,80,1,0
TYR Boys' Team Digi Jammer,2017,2,4,14,160,1,1
TYR Boys' Team Digi Jammer,2017,3,2,4,80,1,1
TYR Boys' Team Digi Jammer,2017,4,4,4,160,1,0
TaylorMade 2017 Purelite Stand Bag,2017,4,3,18,540,0,1
TaylorMade 2017 Purelite Stand Bag,2017,5,3,15,540,0,1
TaylorMade 2017 Purelite Stand Bag,2017,6,3,3,540,0,0
TaylorMade 2017 Purelite Stand Bag,2017,7,2,2,360,0,0
TaylorMade 2017 Purelite Stand Bag,2017,8,2,0,360,0,0
TaylorMade 2017 Purelite Stand Bag,2017,9,3,0,540,0,0
TaylorMade White Smoke IN-12 Putter,2017,5,2,1,200,0,0
TaylorMade White Smoke IN-12 Putter,2017,6,12,48,1200,0,1
TaylorMade White Smoke IN-12 Putter,2017,7,6,4,600,0,0
TaylorMade White Smoke IN-12 Putter,2017,8,12,48,1200,0,1
TaylorMade Women's RBZ SL Rescue,2017,4,1,1,130,0,0
TaylorMade Women's RBZ SL Rescue,2017,5,1,0,130,0,0
TaylorMade Women's RBZ SL Rescue,2017,6,2,2,260,0,0
TaylorMade Women's RBZ SL Rescue,2017,8,1,2,130,0,1
TaylorMade Women's RBZ SL Rescue,2017,9,2,8,260,0,1
Team Golf New England Patriots Putter Gri,2015,2,2,1,50,1,0
Team Golf New England Patriots Putter Gri,2015,3,12,85,300,1,1
Team Golf New England Patriots Putter Gri,2015,4,10,24,250,1,1
Team Golf New England Patriots Putter Gri,2015,5,12,51,300,1,1
Team Golf New England Patriots Putter Gri,2015,6,9,36,225,1,1
Team Golf New England Patriots Putter Gri,2015,8,1,0,25,1,0
Team Golf New England Patriots Putter Gri,2015,9,4,5,100,1,0
Team Golf New England Patriots Putter Gri,2015,10,2,2,50,1,0
Team Golf New England Patriots Putter Gri,2015,11,10,2,250,0.5,0
Team Golf New England Patriots Putter Gri,2015,12,2,3,50,1,0
Team Golf New England Patriots Putter Gri,2016,1,5,12,125,1,1
Team Golf New England Patriots Putter Gri,2016,2,3,5,75,1,1
Team Golf New England Patriots Putter Gri,2016,3,5,8,125,1,1
Team Golf New England Patriots Putter Gri,2016,4,11,30,275,1,1
Team Golf New England Patriots Putter Gri,2016,5,15,85,375,0.8,1
Team Golf New England Patriots Putter Gri,2016,6,6,18,150,1,1
Team Golf New England Patriots Putter Gri,2016,7,19,25,475,0.8,0
Team Golf New England Patriots Putter Gri,2016,8,5,6,125,1,0
Team Golf New England Patriots Putter Gri,2016,9,4,4,100,1,0
Team Golf New England Patriots Putter Gri,2016,10,4,6,100,1,0
Team Golf New England Patriots Putter Gri,2016,11,6,0,150,1,0
Team Golf New England Patriots Putter Gri,2016,12,7,16,175,1,1
Team Golf New England Patriots Putter Gri,2017,2,6,4,150,1,0
Team Golf New England Patriots Putter Gri,2017,3,3,3,75,1,0
Team Golf New England Patriots Putter Gri,2017,4,3,12,75,0.5,1
Team Golf Pittsburgh Steelers Putter Grip,2015,1,6,30,150,1,1
Team Golf Pittsburgh Steelers Putter Grip,2015,2,4,7,100,1,1
Team Golf Pittsburgh Steelers Putter Grip,2015,3,1,1,25,1,0
Team Golf Pittsburgh Steelers Putter Grip,2015,4,16,125,400,1,1
Team Golf Pittsburgh Steelers Putter Grip,2015,5,5,4,125,1,0
Team Golf Pittsburgh Steelers Putter Grip,2015,6,6,6,150,1,0
Team Golf Pittsburgh Steelers Putter Grip,2015,7,7,6,175,1,0
Team Golf Pittsburgh Steelers Putter Grip,2015,8,10,39,250,1,1
Team Golf Pittsburgh Steelers Putter Grip,2015,9,5,10,125,1,1
Team Golf Pittsburgh Steelers Putter Grip,2015,10,18,4,450,1,0
Team Golf Pittsburgh Steelers Putter Grip,2015,12,14,135,350,1,1
Team Golf Pittsburgh Steelers Putter Grip,2016,2,5,7,125,1,0
Team Golf Pittsburgh Steelers Putter Grip,2016,3,20,160,500,1,1
Team Golf Pittsburgh Steelers Putter Grip,2016,4,12,96,300,1,1
Team Golf Pittsburgh Steelers Putter Grip,2016,5,11,64,275,1,1
Team Golf Pittsburgh Steelers Putter Grip,2016,6,6,10,150,1,1
Team Golf Pittsburgh Steelers Putter Grip,2016,7,9,14,225,1,1
Team Golf Pittsburgh Steelers Putter Grip,2016,8,6,18,150,1,1
Team Golf Pittsburgh Steelers Putter Grip,2016,9,1,1,25,1,0
Team Golf Pittsburgh Steelers Putter Grip,2016,10,8,9,200,1,0
Team Golf Pittsburgh Steelers Putter Grip,2016,11,9,18,225,1,1
Team Golf Pittsburgh Steelers Putter Grip,2017,1,4,1,100,1,0
Team Golf Pittsburgh Steelers Putter Grip,2017,2,2,2,50,1,0
Team Golf Pittsburgh Steelers Putter Grip,2017,3,1,1,25,1,0
Team Golf Pittsburgh Steelers Putter Grip,2017,4,8,12,200,1,0
Team Golf San Francisco Giants Putter Gri,2015,1,3,1,75,0,0
Team Golf San Francisco Giants Putter Gri,2015,2,15,64,375,0,1
Team Golf San Francisco Giants Putter Gri,2015,3,10,0,250,0,0
Team Golf San Francisco Giants Putter Gri,2015,4,3,0,75,0,0
Team Golf San Francisco Giants Putter Gri,2015,5,2,2,50,0,0
Team Golf San Francisco Giants Putter Gri,2015,6,6,0,150,0,0
Team Golf San Francisco Giants Putter Gri,2015,7,4,4,100,0,0
Team Golf San Francisco Giants Putter Gri,2015,8,6,18,150,0,1
Team Golf San Francisco Giants Putter Gri,2015,9,3,6,75,0,1
Team Golf San Francisco Giants Putter Gri,2015,10,18,110,450,0,1
Team Golf San Francisco Giants Putter Gri,2015,11,10,38,250,0,1
Team Golf San Francisco Giants Putter Gri,2016,1,11,15,275,0,0
Team Golf San Francisco Giants Putter Gri,2016,2,2,8,50,0,1
Team Golf San Francisco Giants Putter Gri,2016,3,1,0,25,0,0
Team Golf San Francisco Giants Putter Gri,2016,6,4,6,100,0,0
Team Golf San Francisco Giants Putter Gri,2016,7,3,3,75,0,0
Team Golf San Francisco Giants Putter Gri,2016,8,4,7,100,0,1
Team Golf San Francisco Giants Putter Gri,2016,10,8,28,200,0,1
Team Golf San Francisco Giants Putter Gri,2016,11,6,9,150,0,0
Team Golf San Francisco Giants Putter Gri,2016,12,1,0,25,0,0
Team Golf San Francisco Giants Putter Gri,2017,1,2,0,50,0,0
Team Golf San Francisco Giants Putter Gri,2017,2,6,4,150,0,0
Team Golf San Francisco Giants Putter Gri,2017,3,10,45,250,0,1
Team Golf San Francisco Giants Putter Gri,2017,4,11,60,275,0,1
Team Golf St. Louis Cardinals Putter Grip,2015,2,4,12,100,0,1
Team Golf St. Louis Cardinals Putter Grip,2015,4,6,18,150,0,1
Team Golf St. Louis Cardinals Putter Grip,2015,5,5,0,125,0,0
Team Golf St. Louis Cardinals Putter Grip,2015,6,3,4,75,0,0
Team Golf St. Louis Cardinals Putter Grip,2015,7,10,20,250,0,1
Team Golf St. Louis Cardinals Putter Grip,2015,8,2,0,50,0,0
Team Golf St. Louis Cardinals Putter Grip,2015,10,2,4,50,0,1
Team Golf St. Louis Cardinals Putter Grip,2015,11,5,10,125,0,1
Team Golf St. Louis Cardinals Putter Grip,2015,12,5,4,125,0,0
Team Golf St. Louis Cardinals Putter Grip,2016,1,5,18,125,0,1
Team Golf St. Louis Cardinals Putter Grip,2016,2,8,33,200,0,1
Team Golf St. Louis Cardinals Putter Grip,2016,3,3,0,75,0,0
Team Golf St. Louis Cardinals Putter Grip,2016,4,4,10,100,0,1
Team Golf St. Louis Cardinals Putter Grip,2016,5,14,60,350,0.1666666667,1
Team Golf St. Louis Cardinals Putter Grip,2016,6,1,1,25,0,0
Team Golf St. Louis Cardinals Putter Grip,2016,7,8,30,200,0,1
Team Golf St. Louis Cardinals Putter Grip,2016,8,4,5,100,0,0
Team Golf St. Louis Cardinals Putter Grip,2016,9,9,20,225,0,1
Team Golf St. Louis Cardinals Putter Grip,2016,10,8,30,200,0,1
Team Golf St. Louis Cardinals Putter Grip,2016,11,4,6,100,0,0
Team Golf St. Louis Cardinals Putter Grip,2016,12,16,20,400,0,0
Team Golf St. Louis Cardinals Putter Grip,2017,2,2,0,50,0,0
Team Golf St. Louis Cardinals Putter Grip,2017,3,2,2,50,0,0
Team Golf Tennessee Volunteers Putter Gri,2015,1,1,2,25,0,1
Team Golf Tennessee Volunteers Putter Gri,2015,2,4,4,100,0.5,0
Team Golf Tennessee Volunteers Putter Gri,2015,3,4,2,100,0,0
Team Golf Tennessee Volunteers Putter Gri,2015,6,5,7,125,0,0
Team Golf Tennessee Volunteers Putter Gri,2015,7,8,26,200,0,1
Team Golf Tennessee Volunteers Putter Gri,2015,9,5,30,125,0,1
Team Golf Tennessee Volunteers Putter Gri,2015,10,7,6,175,0,0
Team Golf Tennessee Volunteers Putter Gri,2015,11,7,2,175,0,0
Team Golf Tennessee Volunteers Putter Gri,2015,12,8,0,200,0,0
Team Golf Tennessee Volunteers Putter Gri,2016,3,8,2,200,0,0
Team Golf Tennessee Volunteers Putter Gri,2016,4,3,6,75,0,1
Team Golf Tennessee Volunteers Putter Gri,2016,5,2,2,50,0,0
Team Golf Tennessee Volunteers Putter Gri,2016,6,3,2,75,0,0
Team Golf Tennessee Volunteers Putter Gri,2016,7,10,30,250,0,1
Team Golf Tennessee Volunteers Putter Gri,2016,8,7,12,175,0,1
Team Golf Tennessee Volunteers Putter Gri,2016,9,19,65,475,0,1
Team Golf Tennessee Volunteers Putter Gri,2016,10,5,3,125,0,0
Team Golf Tennessee Volunteers Putter Gri,2016,11,9,28,225,0,1
Team Golf Tennessee Volunteers Putter Gri,2016,12,11,40,275,0,1
Team Golf Tennessee Volunteers Putter Gri,2017,1,5,14,125,0,1
Team Golf Tennessee Volunteers Putter Gri,2017,2,13,32,325,0,1
Team Golf Tennessee Volunteers Putter Gri,2017,3,2,3,50,0,0
Team Golf Tennessee Volunteers Putter Gri,2017,4,1,0,25,0,0
Team Golf Texas Longhorns Putter Grip,2015,1,4,5,100,1,0
Team Golf Texas Longhorns Putter Grip,2015,2,13,95,325,1,1
Team Golf Texas Longhorns Putter Grip,2015,3,1,1,25,1,0
Team Golf Texas Longhorns Putter Grip,2015,4,10,4,250,1,0
Team Golf Texas Longhorns Putter Grip,2015,5,6,10,150,1,1
Team Golf Texas Longhorns Putter Grip,2015,6,10,6,250,1,0
Team Golf Texas Longhorns Putter Grip,2015,7,9,12,225,1,0
Team Golf Texas Longhorns Putter Grip,2015,8,6,8,150,1,0
Team Golf Texas Longhorns Putter Grip,2015,9,10,27,250,1,1
Team Golf Texas Longhorns Putter Grip,2015,11,13,16,325,1,0
Team Golf Texas Longhorns Putter Grip,2015,12,6,18,150,1,1
Team Golf Texas Longhorns Putter Grip,2016,1,1,2,25,1,1
Team Golf Texas Longhorns Putter Grip,2016,2,11,42,275,1,1
Team Golf Texas Longhorns Putter Grip,2016,3,5,10,125,1,1
Team Golf Texas Longhorns Putter Grip,2016,5,22,48,550,1,1
Team Golf Texas Longhorns Putter Grip,2016,6,4,2,100,1,0
Team Golf Texas Longhorns Putter Grip,2016,7,3,5,75,1,1
Team Golf Texas Longhorns Putter Grip,2016,8,2,0,50,1,0
Team Golf Texas Longhorns Putter Grip,2016,9,14,56,350,1,1
Team Golf Texas Longhorns Putter Grip,2016,10,3,3,75,1,0
Team Golf Texas Longhorns Putter Grip,2016,11,2,0,50,1,0
Team Golf Texas Longhorns Putter Grip,2016,12,8,8,200,1,0
Team Golf Texas Longhorns Putter Grip,2017,1,1,1,25,1,0
Team Golf Texas Longhorns Putter Grip,2017,2,3,6,75,1,1
Team Golf Texas Longhorns Putter Grip,2017,4,1,1,25,1,0
Team Golf Texas Longhorns Putter Grip,2017,12,1,2,25,1,1
The North Face Women's Recon Backpack,2015,6,5,8,495,0,1
The North Face Women's Recon Backpack,2017,5,2,2,198,0,0
The North Face Women's Recon Backpack,2017,8,7,14,693,0,1
The North Face Women's Recon Backpack,2017,9,2,1,198,0,0
Titleist Club Glove Travel Cover,2017,6,2,6,600,0,1
Titleist Club Glove Travel Cover,2017,9,3,9,900,0,1
Titleist Pro V1 High Numbers Personalized,2015,1,8,0,416,0,0
Titleist Pro V1 High Numbers Personalized,2015,2,10,34,520,0,1
Titleist Pro V1 High Numbers Personalized,2015,5,5,18,260,0,1
Titleist Pro V1 High Numbers Personalized,2015,6,2,2,104,0,0
Titleist Pro V1 High Numbers Personalized,2015,7,9,34,468,0,1
Titleist Pro V1 High Numbers Personalized,2015,8,4,8,208,0,1
Titleist Pro V1 High Numbers Personalized,2015,9,11,84,572,0,1
Titleist Pro V1 High Numbers Personalized,2015,10,4,6,208,0,0
Titleist Pro V1 High Numbers Personalized,2015,11,10,4,520,0,0
Titleist Pro V1 High Numbers Personalized,2015,12,5,0,260,0,0
Titleist Pro V1 High Numbers Personalized,2016,1,6,16,312,0,1
Titleist Pro V1 High Numbers Personalized,2016,2,3,0,156,0,0
Titleist Pro V1 High Numbers Personalized,2016,3,6,24,312,0,1
Titleist Pro V1 High Numbers Personalized,2016,4,2,8,104,0,1
Titleist Pro V1 High Numbers Personalized,2016,5,1,1,52,0,0
Titleist Pro V1 High Numbers Personalized,2016,6,5,4,260,0,0
Titleist Pro V1 High Numbers Personalized,2016,8,1,2,52,0,1
Titleist Pro V1 High Numbers Personalized,2016,9,1,0,52,0,0
Titleist Pro V1 High Numbers Personalized,2016,10,1,1,52,0,0
Titleist Pro V1 High Numbers Personalized,2016,11,1,2,52,0,1
Titleist Pro V1 High Numbers Personalized,2017,2,12,33,624,0,1
Titleist Pro V1 High Numbers Personalized,2017,3,4,1,208,0,0
Titleist Pro V1 High Numbers Personalized,2017,4,2,2,104,0,0
Titleist Pro V1x Golf Balls,2015,1,5,7,240,1,0
Titleist Pro V1x Golf Balls,2015,3,7,14,336,1,1
Titleist Pro V1x Golf Balls,2015,5,7,14,336,1,1
Titleist Pro V1x Golf Balls,2015,6,12,76,576,1,1
Titleist Pro V1x Golf Balls,2015,7,2,1,96,1,0
Titleist Pro V1x Golf Balls,2015,8,2,4,96,1,1
Titleist Pro V1x Golf Balls,2015,9,2,0,96,1,0
Titleist Pro V1x Golf Balls,2015,10,6,8,288,1,0
Titleist Pro V1x Golf Balls,2015,11,7,0,336,1,0
Titleist Pro V1x Golf Balls,2015,12,7,12,336,0.75,1
Titleist Pro V1x Golf Balls,2016,1,5,5,240,1,0
Titleist Pro V1x Golf Balls,2016,2,9,30,432,1,1
Titleist Pro V1x Golf Balls,2016,3,4,7,192,1,1
Titleist Pro V1x Golf Balls,2016,4,1,2,48,1,1
Titleist Pro V1x Golf Balls,2016,5,11,66,528,1,1
Titleist Pro V1x Golf Balls,2016,6,2,1,96,1,0
Titleist Pro V1x Golf Balls,2016,7,10,76,480,1,1
Titleist Pro V1x Golf Balls,2016,8,12,40,576,1,1
Titleist Pro V1x Golf Balls,2016,9,2,4,96,1,1
Titleist Pro V1x Golf Balls,2016,10,5,2,240,1,0
Titleist Pro V1x Golf Balls,2016,11,12,68,576,1,1
Titleist Pro V1x Golf Balls,2016,12,5,16,240,1,1
Titleist Pro V1x Golf Balls,2017,1,1,0,48,1,0
Titleist Pro V1x Golf Balls,2017,2,6,22,288,1,1
Titleist Pro V1x Golf Balls,2017,3,13,90,624,1,1
Titleist Pro V1x Golf Balls,2017,4,5,0,240,1,0
Titleist Pro V1x Golf Balls,2017,5,1,2,48,1,1
Titleist Pro V1x High Numbers Golf Balls,2015,1,2,4,96,0,1
Titleist Pro V1x High Numbers Golf Balls,2015,2,3,8,144,0,1
Titleist Pro V1x High Numbers Golf Balls,2015,3,12,6,576,0,0
Titleist Pro V1x High Numbers Golf Balls,2015,4,1,1,48,0,0
Titleist Pro V1x High Numbers Golf Balls,2015,5,3,0,144,0,0
Titleist Pro V1x High Numbers Golf Balls,2015,6,8,24,384,0,1
Titleist Pro V1x High Numbers Golf Balls,2015,7,6,12,288,0,1
Titleist Pro V1x High Numbers Golf Balls,2015,9,2,4,96,0,1
Titleist Pro V1x High Numbers Golf Balls,2015,10,6,12,288,0,1
Titleist Pro V1x High Numbers Golf Balls,2015,12,12,9,576,0,0
Titleist Pro V1x High Numbers Golf Balls,2016,1,2,0,96,0,0
Titleist Pro V1x High Numbers Golf Balls,2016,3,3,8,144,0,1
Titleist Pro V1x High Numbers Golf Balls,2016,4,5,10,240,0,1
Titleist Pro V1x High Numbers Golf Balls,2016,6,8,27,384,0,1
Titleist Pro V1x High Numbers Golf Balls,2016,7,6,14,288,0,1
Titleist Pro V1x High Numbers Golf Balls,2016,9,7,22,336,0,1
Titleist Pro V1x High Numbers Golf Balls,2016,10,14,88,672,0,1
Titleist Pro V1x High Numbers Golf Balls,2016,11,5,16,240,0,1
Titleist Pro V1x High Numbers Golf Balls,2016,12,3,1,144,0,0
Titleist Pro V1x High Numbers Golf Balls,2017,1,4,2,192,0,0
Titleist Pro V1x High Numbers Golf Balls,2017,2,1,0,48,0,0
Titleist Pro V1x High Numbers Golf Balls,2017,3,8,28,384,0,1
Titleist Pro V1x High Numbers Golf Balls,2017,6,1,2,48,0,1
Titleist Pro V1x High Numbers Personalize,2015,1,4,2,208,0,0
Titleist Pro V1x High Numbers Personalize,2015,2,15,72,780,0,1
Titleist Pro V1x High Numbers Personalize,2015,3,3,0,156,0,0
Titleist Pro V1x High Numbers Personalize,2015,4,3,0,156,0,0
Titleist Pro V1x High Numbers Personalize,2015,5,3,3,156,0,0
Titleist Pro V1x High Numbers Personalize,2015,6,9,14,468,0.5,1
Titleist Pro V1x High Numbers Personalize,2015,7,4,0,208,0,0
Titleist Pro V1x High Numbers Personalize,2015,8,6,8,312,0,0
Titleist Pro V1x High Numbers Personalize,2015,9,6,8,312,0,0
Titleist Pro V1x High Numbers Personalize,2015,10,7,0,364,0.5,0
Titleist Pro V1x High Numbers Personalize,2015,11,16,150,832,0.2,1
Titleist Pro V1x High Numbers Personalize,2015,12,13,40,676,0.25,1
Titleist Pro V1x High Numbers Personalize,2016,1,14,135,728,0.6,1
Titleist Pro V1x High Numbers Personalize,2016,2,8,24,416,0,1
Titleist Pro V1x High Numbers Personalize,2016,5,6,6,312,0.5,0
Titleist Pro V1x High Numbers Personalize,2016,7,1,0,52,0,0
Titleist Pro V1x High Numbers Personalize,2016,8,4,0,208,0,0
Titleist Pro V1x High Numbers Personalize,2016,9,5,4,260,0,0
Titleist Pro V1x High Numbers Personalize,2016,10,7,8,364,0,0
Titleist Pro V1x High Numbers Personalize,2016,11,7,48,364,0,1
Titleist Pro V1x High Numbers Personalize,2016,12,3,3,156,0,0
Titleist Pro V1x High Numbers Personalize,2017,1,14,50,728,0,1
Titleist Small Wheeled Travel Cover,2015,5,1,2,250,0,1
Titleist Small Wheeled Travel Cover,2017,3,1,2,250,0,1
Titleist Small Wheeled Travel Cover,2017,4,1,0,250,0,0
Titleist Small Wheeled Travel Cover,2017,5,1,0,250,0,0
Titleist Small Wheeled Travel Cover,2017,7,1,0,250,0,0
Titleist Small Wheeled Travel Cover,2017,8,2,2,500,0,0
Titleist Small Wheeled Travel Cover,2017,9,1,0,250,0,0
Top Flite Women's 2017 XL Hybrid,2015,1,5,0,100,0,0
Top Flite Women's 2017 XL Hybrid,2015,2,4,2,80,0,0
Top Flite Women's 2017 XL Hybrid,2015,3,6,10,120,0,1
Top Flite Women's 2017 XL Hybrid,2015,4,5,4,100,0,0
Top Flite Women's 2017 XL Hybrid,2015,5,7,30,140,0,1
Top Flite Women's 2017 XL Hybrid,2015,7,5,0,100,0.5,0
Top Flite Women's 2017 XL Hybrid,2015,8,17,88,340,0,1
Top Flite Women's 2017 XL Hybrid,2015,10,9,2,180,0,0
Top Flite Women's 2017 XL Hybrid,2015,11,4,7,80,1,1
Top Flite Women's 2017 XL Hybrid,2016,3,10,36,200,0,1
Top Flite Women's 2017 XL Hybrid,2016,4,8,22,160,0,1
Top Flite Women's 2017 XL Hybrid,2016,6,2,0,40,0,0
Top Flite Women's 2017 XL Hybrid,2016,7,8,18,160,0,1
Top Flite Women's 2017 XL Hybrid,2016,8,2,4,40,0,1
Top Flite Women's 2017 XL Hybrid,2016,9,13,64,260,0,1
Top Flite Women's 2017 XL Hybrid,2016,10,1,0,20,0,0
Top Flite Women's 2017 XL Hybrid,2016,11,5,20,100,0,1
Top Flite Women's 2017 XL Hybrid,2016,12,5,8,100,0,1
Top Flite Women's 2017 XL Hybrid,2017,2,11,63,220,0,1
Top Flite Women's 2017 XL Hybrid,2017,4,4,0,80,0,0
Top Flite Women's 2017 XL Hybrid,2017,5,2,0,40,0,0
Top Flite Women's 2017 XL Hybrid,2017,6,2,4,40,0,1
Top Flite Women's 2017 XL Hybrid,2017,9,4,4,80,0,0
Top Flite Women's 2017 XL Hybrid,2017,10,1,2,20,0,1
Total Gym 1400,2016,5,1,1,300,0,0
Total Gym 1400,2017,9,5,5,1500,0,0
Toys,2017,12,73,9709,876,0,1
Under Armour Girls' Toddler Spine Surge R,2015,1,203,23622,8120,1,1
Under Armour Girls' Toddler Spine Surge R,2015,2,181,9455,7240,0.0819672131,1
Under Armour Girls' Toddler Spine Surge R,2015,3,200,5376,8000,0.015625,1
Under Armour Girls' Toddler Spine Surge R,2015,4,195,12586,7800,0.0689655172,1
Under Armour Girls' Toddler Spine Surge R,2015,5,187,2752,7480,0.046875,1
Under Armour Girls' Toddler Spine Surge R,2015,6,136,3102,5440,0.0638297872,1
Under Armour Girls' Toddler Spine Surge R,2015,7,181,10260,7240,0.0333333333,1
Under Armour Girls' Toddler Spine Surge R,2015,8,173,16184,6920,0,1
Under Armour Girls' Toddler Spine Surge R,2015,9,165,16240,6600,0.0535714286,1
Under Armour Girls' Toddler Spine Surge R,2015,10,137,4851,5480,0.0816326531,1
Under Armour Girls' Toddler Spine Surge R,2015,11,161,13083,6440,0.0408163265,1
Under Armour Girls' Toddler Spine Surge R,2015,12,132,3726,5280,0,1
Under Armour Girls' Toddler Spine Surge R,2016,1,183,3306,7320,0.0344827586,1
Under Armour Girls' Toddler Spine Surge R,2016,2,129,1591,5160,0,1
Under Armour Girls' Toddler Spine Surge R,2016,3,138,8505,5520,0.9333333333,1
Under Armour Girls' Toddler Spine Surge R,2016,4,217,23121,8680,0,1
Under Armour Girls' Toddler Spine Surge R,2016,5,160,11448,6400,0.9814814815,1
Under Armour Girls' Toddler Spine Surge R,2016,6,127,3564,5080,0,1
Under Armour Girls' Toddler Spine Surge R,2016,7,145,13440,5800,1,1
Under Armour Girls' Toddler Spine Surge R,2016,8,191,8896,7640,0.015625,1
Under Armour Girls' Toddler Spine Surge R,2016,9,185,6588,7400,0,1
Under Armour Girls' Toddler Spine Surge R,2016,10,166,13908,6640,0.9649122807,1
Under Armour Girls' Toddler Spine Surge R,2016,11,176,7006,7040,0.0483870968,1
Under Armour Girls' Toddler Spine Surge R,2016,12,172,7440,6880,0.0333333333,1
Under Armour Girls' Toddler Spine Surge R,2017,1,227,15984,9080,0.0277777778,1
Under Armour Girls' Toddler Spine Surge R,2017,2,190,14570,7600,0,1
Under Armour Girls' Toddler Spine Surge R,2017,3,184,10560,7360,0.0166666667,1
Under Armour Girls' Toddler Spine Surge R,2017,4,182,7614,7280,0.0185185185,1
Under Armour Girls' Toddler Spine Surge R,2017,5,170,13312,6800,0,1
Under Armour Girls' Toddler Spine Surge R,2017,6,161,9537,6440,0.9019607843,1
Under Armour Girls' Toddler Spine Surge R,2017,7,183,20474,7320,0.9655172414,1
Under Armour Girls' Toddler Spine Surge R,2017,8,178,18753,7120,0.9649122807,1
Under Armour Girls' Toddler Spine Surge R,2017,9,163,8580,6520,0.5384615385,1
Under Armour Girls' Toddler Spine Surge R,2017,10,7,98,280,0,1
Under Armour Girls' Toddler Spine Surge R,2017,11,3,15,120,0,1
Under Armour Girls' Toddler Spine Surge R,2017,12,1,0,40,0,0
Under Armour Hustle Storm Medium Duffle B,2015,1,5,16,175,0,1
Under Armour Hustle Storm Medium Duffle B,2015,2,2,4,70,0,1
Under Armour Hustle Storm Medium Duffle B,2015,3,4,4,140,0,0
Under Armour Hustle Storm Medium Duffle B,2015,4,16,90,560,0.1666666667,1
Under Armour Hustle Storm Medium Duffle B,2015,5,6,18,210,0,1
Under Armour Hustle Storm Medium Duffle B,2015,7,4,8,140,0,1
Under Armour Hustle Storm Medium Duffle B,2015,10,7,18,245,0,1
Under Armour Hustle Storm Medium Duffle B,2015,11,1,2,35,1,1
Under Armour Hustle Storm Medium Duffle B,2015,12,2,2,70,0,0
Under Armour Hustle Storm Medium Duffle B,2016,1,5,4,175,0,0
Under Armour Hustle Storm Medium Duffle B,2016,2,3,2,105,0,0
Under Armour Hustle Storm Medium Duffle B,2016,3,2,4,70,0.5,1
Under Armour Hustle Storm Medium Duffle B,2016,4,8,6,280,0,0
Under Armour Hustle Storm Medium Duffle B,2016,5,3,5,105,0,1
Under Armour Hustle Storm Medium Duffle B,2016,7,13,84,455,0,1
Under Armour Hustle Storm Medium Duffle B,2016,8,14,60,490,0,1
Under Armour Hustle Storm Medium Duffle B,2016,9,2,2,70,0,0
Under Armour Hustle Storm Medium Duffle B,2016,10,4,6,140,0,0
Under Armour Hustle Storm Medium Duffle B,2016,11,5,6,175,0,0
Under Armour Hustle Storm Medium Duffle B,2016,12,3,6,105,0,1
Under Armour Hustle Storm Medium Duffle B,2017,1,6,36,210,0,1
Under Armour Hustle Storm Medium Duffle B,2017,2,2,4,70,0,1
Under Armour Hustle Storm Medium Duffle B,2017,3,12,4,420,0,0
Under Armour Hustle Storm Medium Duffle B,2017,6,2,0,70,0,0
Under Armour Hustle Storm Medium Duffle B,2017,11,1,2,35,0,1
Under Armour Hustle Storm Medium Duffle B,2017,12,1,1,35,0,0
Under Armour Kids' Mercenary Slide,2015,1,3,3,84,0,0
Under Armour Kids' Mercenary Slide,2015,2,4,6,112,0,0
Under Armour Kids' Mercenary Slide,2015,3,8,30,224,0,1
Under Armour Kids' Mercenary Slide,2015,5,13,0,364,0.1666666667,0
Under Armour Kids' Mercenary Slide,2015,6,2,4,56,0,1
Under Armour Kids' Mercenary Slide,2015,7,4,10,112,0,1
Under Armour Kids' Mercenary Slide,2015,8,6,16,168,0,1
Under Armour Kids' Mercenary Slide,2015,9,9,0,252,0,0
Under Armour Kids' Mercenary Slide,2015,12,1,2,28,0,1
Under Armour Kids' Mercenary Slide,2016,1,6,22,168,0,1
Under Armour Kids' Mercenary Slide,2016,2,17,56,476,0,1
Under Armour Kids' Mercenary Slide,2016,3,9,0,252,0,0
Under Armour Kids' Mercenary Slide,2016,5,20,155,560,0,1
Under Armour Kids' Mercenary Slide,2016,6,5,1,140,0,0
Under Armour Kids' Mercenary Slide,2016,7,1,2,28,0,1
Under Armour Kids' Mercenary Slide,2016,8,9,14,252,0,1
Under Armour Kids' Mercenary Slide,2016,10,5,24,140,0,1
Under Armour Kids' Mercenary Slide,2016,11,5,0,140,0,0
Under Armour Kids' Mercenary Slide,2016,12,9,3,252,0,0
Under Armour Kids' Mercenary Slide,2017,2,4,2,112,0,0
Under Armour Kids' Mercenary Slide,2017,4,8,26,224,0,1
Under Armour Men's Compression EV SL Slid,2015,1,2,2,90,0,0
Under Armour Men's Compression EV SL Slid,2015,2,6,16,270,0.5,1
Under Armour Men's Compression EV SL Slid,2015,3,10,4,450,0,0
Under Armour Men's Compression EV SL Slid,2015,6,9,3,405,0,0
Under Armour Men's Compression EV SL Slid,2015,7,5,0,225,0,0
Under Armour Men's Compression EV SL Slid,2015,8,8,26,360,0,1
Under Armour Men's Compression EV SL Slid,2015,9,2,1,90,0,0
Under Armour Men's Compression EV SL Slid,2015,10,5,9,225,0,1
Under Armour Men's Compression EV SL Slid,2015,11,14,92,630,0,1
Under Armour Men's Compression EV SL Slid,2015,12,7,9,315,0.3333333333,0
Under Armour Men's Compression EV SL Slid,2016,1,4,10,180,0,1
Under Armour Men's Compression EV SL Slid,2016,2,14,92,630,0,1
Under Armour Men's Compression EV SL Slid,2016,5,10,9,450,0,0
Under Armour Men's Compression EV SL Slid,2016,8,1,0,45,0,0
Under Armour Men's Compression EV SL Slid,2016,9,1,1,45,0,0
Under Armour Men's Compression EV SL Slid,2016,10,19,135,855,0,1
Under Armour Men's Compression EV SL Slid,2016,11,10,0,450,0,0
Under Armour Men's Compression EV SL Slid,2016,12,1,1,45,0,0
Under Armour Men's Compression EV SL Slid,2017,1,5,18,225,0,1
Under Armour Men's Compression EV SL Slid,2017,2,2,0,90,0,0
Under Armour Men's Compression EV SL Slid,2017,3,5,6,225,0,0
Under Armour Men's Tech II T-Shirt,2015,1,6,12,150,0,1
Under Armour Men's Tech II T-Shirt,2015,2,2,3,50,0,0
Under Armour Men's Tech II T-Shirt,2015,3,7,2,175,0,0
Under Armour Men's Tech II T-Shirt,2015,4,5,14,125,0,1
Under Armour Men's Tech II T-Shirt,2015,5,3,8,75,0,1
Under Armour Men's Tech II T-Shirt,2015,6,7,18,175,0,1
Under Armour Men's Tech II T-Shirt,2015,7,8,18,200,0,1
Under Armour Men's Tech II T-Shirt,2015,8,5,1,125,0,0
Under Armour Men's Tech II T-Shirt,2015,11,1,1,25,1,0
Under Armour Men's Tech II T-Shirt,2015,12,9,36,225,0,1
Under Armour Men's Tech II T-Shirt,2016,1,4,0,100,0,0
Under Armour Men's Tech II T-Shirt,2016,4,11,6,275,0,0
Under Armour Men's Tech II T-Shirt,2016,5,9,12,225,0.5,0
Under Armour Men's Tech II T-Shirt,2016,6,3,2,75,0,0
Under Armour Men's Tech II T-Shirt,2016,7,8,30,200,0,1
Under Armour Men's Tech II T-Shirt,2016,10,5,0,125,0,0
Under Armour Men's Tech II T-Shirt,2016,12,9,16,225,0,1
Under Armour Men's Tech II T-Shirt,2017,1,16,68,400,0,1
Under Armour Men's Tech II T-Shirt,2017,2,10,42,250,0,1
Under Armour Men's Tech II T-Shirt,2017,3,12,57,300,0,1
Under Armour Men's Tech II T-Shirt,2017,4,4,21,100,0,1
Under Armour Women's Ignite PIP VI Slide,2015,2,4,12,128,0,1
Under Armour Women's Ignite PIP VI Slide,2015,3,10,3,320,0,0
Under Armour Women's Ignite PIP VI Slide,2015,4,6,28,192,0,1
Under Armour Women's Ignite PIP VI Slide,2015,5,1,2,32,0,1
Under Armour Women's Ignite PIP VI Slide,2015,6,3,1,96,0,0
Under Armour Women's Ignite PIP VI Slide,2015,7,7,16,224,0,1
Under Armour Women's Ignite PIP VI Slide,2015,8,8,0,256,0,0
Under Armour Women's Ignite PIP VI Slide,2015,9,1,1,32,0,0
Under Armour Women's Ignite PIP VI Slide,2015,10,16,60,512,0.2,1
Under Armour Women's Ignite PIP VI Slide,2015,11,17,119,544,0.1428571429,1
Under Armour Women's Ignite PIP VI Slide,2015,12,3,5,96,0,1
Under Armour Women's Ignite PIP VI Slide,2016,1,6,20,192,0,1
Under Armour Women's Ignite PIP VI Slide,2016,2,9,0,288,0,0
Under Armour Women's Ignite PIP VI Slide,2016,3,4,4,128,0,0
Under Armour Women's Ignite PIP VI Slide,2016,6,1,1,32,0,0
Under Armour Women's Ignite PIP VI Slide,2016,7,5,10,160,0,1
Under Armour Women's Ignite PIP VI Slide,2016,8,10,48,320,0,1
Under Armour Women's Ignite PIP VI Slide,2016,10,8,8,256,0,0
Under Armour Women's Ignite PIP VI Slide,2016,11,5,4,160,0,0
Under Armour Women's Ignite PIP VI Slide,2016,12,3,0,96,0,0
Under Armour Women's Ignite PIP VI Slide,2017,1,5,0,160,0,0
Under Armour Women's Ignite PIP VI Slide,2017,2,3,4,96,0,0
Under Armour Women's Ignite PIP VI Slide,2017,4,2,3,64,0,0
Under Armour Women's Ignite PIP VI Slide,2017,6,3,1,96,0,0
Under Armour Women's Ignite Slide,2015,1,14,54,448,0,1
Under Armour Women's Ignite Slide,2015,3,7,16,224,0,1
Under Armour Women's Ignite Slide,2015,4,8,28,256,0,1
Under Armour Women's Ignite Slide,2015,5,2,2,64,0,0
Under Armour Women's Ignite Slide,2015,6,3,10,96,0,1
Under Armour Women's Ignite Slide,2015,8,8,30,256,0,1
Under Armour Women's Ignite Slide,2015,9,5,18,160,0,1
Under Armour Women's Ignite Slide,2015,10,4,12,128,0,1
Under Armour Women's Ignite Slide,2015,11,13,12,416,0,0
Under Armour Women's Ignite Slide,2015,12,11,72,352,0,1
Under Armour Women's Ignite Slide,2016,1,4,0,128,0,0
Under Armour Women's Ignite Slide,2016,2,18,144,576,0,1
Under Armour Women's Ignite Slide,2016,4,4,3,128,0,0
Under Armour Women's Ignite Slide,2016,6,2,1,64,0,0
Under Armour Women's Ignite Slide,2016,7,11,45,352,0,1
Under Armour Women's Ignite Slide,2016,8,11,51,352,0,1
Under Armour Women's Ignite Slide,2016,9,7,24,224,0,1
Under Armour Women's Ignite Slide,2016,10,5,12,160,0,1
Under Armour Women's Ignite Slide,2016,12,17,120,544,0,1
Under Armour Women's Ignite Slide,2017,3,4,8,128,0,1
Under Armour Women's Ignite Slide,2017,6,1,1,32,0,0
Under Armour Women's Ignite Slide,2017,8,4,1,128,0,0
Under Armour Women's Ignite Slide,2017,10,3,0,96,0,0
Under Armour Women's Ignite Slide,2017,12,1,2,32,0,1
Under Armour Women's Micro G Skulpt Runni,2015,1,4,0,220,0,0
Under Armour Women's Micro G Skulpt Runni,2015,2,1,1,55,0,0
Under Armour Women's Micro G Skulpt Runni,2015,3,4,2,220,0,0
Under Armour Women's Micro G Skulpt Runni,2015,4,4,3,220,0,0
Under Armour Women's Micro G Skulpt Runni,2015,6,10,12,550,0,0
Under Armour Women's Micro G Skulpt Runni,2015,8,3,6,165,0,1
Under Armour Women's Micro G Skulpt Runni,2015,9,7,2,385,0,0
Under Armour Women's Micro G Skulpt Runni,2015,10,5,14,275,0,1
Under Armour Women's Micro G Skulpt Runni,2015,11,5,8,275,0,1
Under Armour Women's Micro G Skulpt Runni,2015,12,6,0,330,0,0
Under Armour Women's Micro G Skulpt Runni,2016,2,4,0,220,0,0
Under Armour Women's Micro G Skulpt Runni,2016,5,8,42,440,0,1
Under Armour Women's Micro G Skulpt Runni,2016,6,3,4,165,0,0
Under Armour Women's Micro G Skulpt Runni,2016,7,7,26,385,0,1
Under Armour Women's Micro G Skulpt Runni,2016,8,7,33,385,0,1
Under Armour Women's Micro G Skulpt Runni,2016,9,2,8,110,0,1
Under Armour Women's Micro G Skulpt Runni,2016,10,16,145,880,0,1
Under Armour Women's Micro G Skulpt Runni,2016,11,10,36,550,0,1
Under Armour Women's Micro G Skulpt Runni,2016,12,6,2,330,0,0
Under Armour Women's Micro G Skulpt Runni,2017,1,5,5,275,0,0
Under Armour Women's Micro G Skulpt Runni,2017,2,10,24,550,0,1
Under Armour Women's Micro G Skulpt Runni,2017,3,7,20,385,0.5,1
Under Armour Women's Micro G Skulpt Runni,2017,4,5,0,275,0,0
Under Armour Women's Micro G Skulpt Runni,2017,8,6,16,330,0,1
Web Camera,2015,8,3,18,1356,0.6666666667,1
Web Camera,2015,9,10,50,4520,0.6,1
Web Camera,2015,10,1,1,452,0,0
Web Camera,2017,6,2,2,904,0,0
Web Camera,2017,7,7,49,3164,0,1
Web Camera,2017,8,2,6,904,0,1
Web Camera,2017,9,10,150,4520,0,1
Web Camera,2017,10,129,30186,58308,0,1
Web Camera,2017,11,27,135,12204,0,1
Yakima DoubleDown Ace Hitch Mount 4-Bike,2015,6,1,0,189,1,0
Yakima DoubleDown Ace Hitch Mount 4-Bike,2015,11,1,0,189,1,0
Yakima DoubleDown Ace Hitch Mount 4-Bike,2017,4,1,2,189,1,1
Yakima DoubleDown Ace Hitch Mount 4-Bike,2017,5,1,0,189,1,0
Yakima DoubleDown Ace Hitch Mount 4-Bike,2017,6,1,0,189,1,0
Yakima DoubleDown Ace Hitch Mount 4-Bike,2017,7,2,6,378,1,1
Yakima DoubleDown Ace Hitch Mount 4-Bike,2017,8,1,2,189,1,1
Yakima DoubleDown Ace Hitch Mount 4-Bike,2017,9,2,8,378,1,1
Yakima DoubleDown Ace Hitch Mount 4-Bike,2017,11,2,4,378,1,1
adidas Brazuca 2017 Official Match Ball,2017,4,1,0,160,1,0
adidas Brazuca 2017 Official Match Ball,2017,5,3,12,480,1,1
adidas Brazuca 2017 Official Match Ball,2017,6,2,4,320,1,1
adidas Brazuca 2017 Official Match Ball,2017,7,1,2,160,1,1
adidas Brazuca 2017 Official Match Ball,2017,8,2,2,320,1,0
adidas Brazuca 2017 Official Match Ball,2017,10,1,2,160,1,1
adidas Kids' F5 Messi FG Soccer Cleat,2015,1,2,1,70,0,0
adidas Kids' F5 Messi FG Soccer Cleat,2015,2,3,3,105,0,0
adidas Kids' F5 Messi FG Soccer Cleat,2015,3,3,5,105,0,1
adidas Kids' F5 Messi FG Soccer Cleat,2015,5,3,6,105,0,1
adidas Kids' F5 Messi FG Soccer Cleat,2015,6,6,0,210,0,0
adidas Kids' F5 Messi FG Soccer Cleat,2015,7,3,2,105,0,0
adidas Kids' F5 Messi FG Soccer Cleat,2015,9,13,18,455,0,0
adidas Kids' F5 Messi FG Soccer Cleat,2015,10,6,0,210,0.5,0
adidas Kids' F5 Messi FG Soccer Cleat,2015,11,1,0,35,0,0
adidas Kids' F5 Messi FG Soccer Cleat,2015,12,2,4,70,0,1
adidas Kids' F5 Messi FG Soccer Cleat,2016,1,2,1,70,0,0
adidas Kids' F5 Messi FG Soccer Cleat,2016,2,7,39,245,0,1
adidas Kids' F5 Messi FG Soccer Cleat,2016,3,2,4,70,0,1
adidas Kids' F5 Messi FG Soccer Cleat,2016,4,13,88,455,0,1
adidas Kids' F5 Messi FG Soccer Cleat,2016,6,5,18,175,0,1
adidas Kids' F5 Messi FG Soccer Cleat,2016,7,5,14,175,0,1
adidas Kids' F5 Messi FG Soccer Cleat,2016,9,3,6,105,0,1
adidas Kids' F5 Messi FG Soccer Cleat,2016,11,7,10,245,0,0
adidas Kids' F5 Messi FG Soccer Cleat,2016,12,5,7,175,0,0
adidas Kids' F5 Messi FG Soccer Cleat,2017,1,5,30,175,0,1
adidas Kids' F5 Messi FG Soccer Cleat,2017,2,4,6,140,0,0
adidas Kids' F5 Messi FG Soccer Cleat,2017,3,1,1,35,0,0
adidas Men's F10 Messi TRX FG Soccer Clea,2015,2,7,28,420,0,1
adidas Men's F10 Messi TRX FG Soccer Clea,2015,3,5,4,300,0,0
adidas Men's F10 Messi TRX FG Soccer Clea,2015,4,3,3,180,0,0
adidas Men's F10 Messi TRX FG Soccer Clea,2015,5,9,20,540,0,1
adidas Men's F10 Messi TRX FG Soccer Clea,2015,6,3,6,180,0,1
adidas Men's F10 Messi TRX FG Soccer Clea,2015,7,8,33,480,0,1
adidas Men's F10 Messi TRX FG Soccer Clea,2015,8,10,39,600,0,1
adidas Men's F10 Messi TRX FG Soccer Clea,2015,9,5,9,300,0,1
adidas Men's F10 Messi TRX FG Soccer Clea,2015,10,5,3,300,0,0
adidas Men's F10 Messi TRX FG Soccer Clea,2015,12,14,45,840,0,1
adidas Men's F10 Messi TRX FG Soccer Clea,2016,1,2,4,120,0,1
adidas Men's F10 Messi TRX FG Soccer Clea,2016,2,3,1,180,0,0
adidas Men's F10 Messi TRX FG Soccer Clea,2016,3,4,6,240,0,0
adidas Men's F10 Messi TRX FG Soccer Clea,2016,4,9,6,540,0,0
adidas Men's F10 Messi TRX FG Soccer Clea,2016,5,22,238,1320,0,1
adidas Men's F10 Messi TRX FG Soccer Clea,2016,6,19,112,1140,0,1
adidas Men's F10 Messi TRX FG Soccer Clea,2016,7,11,12,660,0,0
adidas Men's F10 Messi TRX FG Soccer Clea,2016,8,4,8,240,0,1
adidas Men's F10 Messi TRX FG Soccer Clea,2016,9,5,0,300,0,0
adidas Men's F10 Messi TRX FG Soccer Clea,2016,10,10,24,600,0,1
adidas Men's F10 Messi TRX FG Soccer Clea,2016,11,4,2,240,0,0
adidas Men's F10 Messi TRX FG Soccer Clea,2016,12,6,18,360,0,1
adidas Men's F10 Messi TRX FG Soccer Clea,2017,1,6,0,360,0,0
adidas Men's F10 Messi TRX FG Soccer Clea,2017,2,5,10,300,0,1
adidas Men's F10 Messi TRX FG Soccer Clea,2017,3,6,22,360,0,1
adidas Men's F10 Messi TRX FG Soccer Clea,2017,4,6,48,360,0,1
adidas Men's F10 Messi TRX FG Soccer Clea,2017,8,1,0,60,0,0
adidas Men's Germany Black Crest Away Tee,2015,2,2,4,50,0,1
adidas Men's Germany Black Crest Away Tee,2015,3,12,12,300,0,0
adidas Men's Germany Black Crest Away Tee,2015,4,7,36,175,0,1
adidas Men's Germany Black Crest Away Tee,2015,7,6,27,150,0,1
adidas Men's Germany Black Crest Away Tee,2015,9,1,2,25,0,1
adidas Men's Germany Black Crest Away Tee,2015,10,7,2,175,0,0
adidas Men's Germany Black Crest Away Tee,2015,11,5,6,125,0,0
adidas Men's Germany Black Crest Away Tee,2016,1,10,33,250,0,1
adidas Men's Germany Black Crest Away Tee,2016,2,3,3,75,0,0
adidas Men's Germany Black Crest Away Tee,2016,3,4,3,100,0,0
adidas Men's Germany Black Crest Away Tee,2016,4,4,14,100,0,1
adidas Men's Germany Black Crest Away Tee,2016,6,10,39,250,0,1
adidas Men's Germany Black Crest Away Tee,2016,7,1,0,25,0,0
adidas Men's Germany Black Crest Away Tee,2016,8,5,2,125,0,0
adidas Men's Germany Black Crest Away Tee,2016,10,6,10,150,0,1
adidas Men's Germany Black Crest Away Tee,2016,11,4,4,100,0,0
adidas Men's Germany Black Crest Away Tee,2016,12,5,5,125,0,0
adidas Men's Germany Black Crest Away Tee,2017,1,5,3,125,0,0
adidas Men's Germany Black Crest Away Tee,2017,2,13,66,325,0,1
adidas Men's Germany Black Crest Away Tee,2017,3,8,45,200,0,1
adidas Men's Germany Black Crest Away Tee,2017,6,1,2,25,0,1
adidas Men's Germany Black Crest Away Tee,2017,7,5,10,125,0,1
adidas Men's Germany Black Crest Away Tee,2017,10,1,0,25,0,0
adidas Youth Germany Black/Red Away Match,2015,1,12,69,840,0,1
adidas Youth Germany Black/Red Away Match,2015,2,6,20,420,0,1
adidas Youth Germany Black/Red Away Match,2015,3,10,16,700,0,1
adidas Youth Germany Black/Red Away Match,2015,4,9,0,630,0,0
adidas Youth Germany Black/Red Away Match,2015,6,8,48,560,0.6666666667,1
adidas Youth Germany Black/Red Away Match,2015,7,1,1,70,0,0
adidas Youth Germany Black/Red Away Match,2015,8,8,45,560,0,1
adidas Youth Germany Black/Red Away Match,2015,9,5,3,350,0,0
adidas Youth Germany Black/Red Away Match,2015,10,9,33,630,0,1
adidas Youth Germany Black/Red Away Match,2015,11,1,1,70,0,0
adidas Youth Germany Black/Red Away Match,2015,12,12,9,840,0.3333333333,0
adidas Youth Germany Black/Red Away Match,2016,1,5,10,350,0,1
adidas Youth Germany Black/Red Away Match,2016,2,7,0,490,0,0
adidas Youth Germany Black/Red Away Match,2016,3,9,26,630,0,1
adidas Youth Germany Black/Red Away Match,2016,4,8,26,560,0,1
adidas Youth Germany Black/Red Away Match,2016,5,9,32,630,0,1
adidas Youth Germany Black/Red Away Match,2016,6,3,5,210,0,1
adidas Youth Germany Black/Red Away Match,2016,7,5,10,350,0,1
adidas Youth Germany Black/Red Away Match,2016,8,3,6,210,0,1
adidas Youth Germany Black/Red Away Match,2016,9,3,3,210,0,0
adidas Youth Germany Black/Red Away Match,2016,12,1,0,70,0,0
adidas Youth Germany Black/Red Away Match,2017,1,2,0,140,0,0
adidas Youth Germany Black/Red Away Match,2017,2,9,6,630,0,0
adidas Youth Germany Black/Red Away Match,2017,3,13,30,910,0,1
adidas Youth Germany Black/Red Away Match,2017,4,12,15,840,0,0
adidas Youth Germany Black/Red Away Match,2017,6,4,0,280,0,0
adidas Youth Germany Black/Red Away Match,2017,8,3,3,210,0,0
insta-bed Neverflat Air Mattress,2017,4,1,2,150,0,1
insta-bed Neverflat Air Mattress,2017,5,3,3,450,0,0
insta-bed Neverflat Air Mattress,2017,7,2,0,300,0,0
insta-bed Neverflat Air Mattress,2017,8,5,50,750,0,1
